LMP ($/MWh),Capacity Payment ($/MWh),Time (UTC)
24.61,10,1/1/25 0:00
24.01,10,1/1/25 1:00
22.44,10,1/1/25 2:00
21.71,10,1/1/25 3:00
20.11,10,1/1/25 4:00
19.02,10,1/1/25 5:00
18.91,10,1/1/25 6:00
18.72,10,1/1/25 7:00
18.34,10,1/1/25 8:00
18.39,10,1/1/25 9:00
19.1,10,1/1/25 10:00
21.11,10,1/1/25 11:00
22.6,10,1/1/25 12:00
24.73,10,1/1/25 13:00
24.77,10,1/1/25 14:00
23.37,10,1/1/25 15:00
24.45,10,1/1/25 16:00
24.01,10,1/1/25 17:00
24.04,10,1/1/25 18:00
22.85,10,1/1/25 19:00
22.92,10,1/1/25 20:00
23.32,10,1/1/25 21:00
26.27,10,1/1/25 22:00
30.6,10,1/1/25 23:00
30.56,10,1/2/25 0:00
30.36,10,1/2/25 1:00
29.16,10,1/2/25 2:00
27.91,10,1/2/25 3:00
25.06,10,1/2/25 4:00
23.04,10,1/2/25 5:00
20.71,10,1/2/25 6:00
20.33,10,1/2/25 7:00
19.62,10,1/2/25 8:00
20.1,10,1/2/25 9:00
20.12,10,1/2/25 10:00
22.37,10,1/2/25 11:00
38.21,10,1/2/25 12:00
50.17,10,1/2/25 13:00
29.3,10,1/2/25 14:00
25.47,10,1/2/25 15:00
24.75,10,1/2/25 16:00
23.33,10,1/2/25 17:00
23.64,10,1/2/25 18:00
22.39,10,1/2/25 19:00
21.67,10,1/2/25 20:00
23.21,10,1/2/25 21:00
30.29,10,1/2/25 22:00
39.34,10,1/2/25 23:00
33.11,10,1/3/25 0:00
31.24,10,1/3/25 1:00
31.58,10,1/3/25 2:00
30.9,10,1/3/25 3:00
27.73,10,1/3/25 4:00
24.84,10,1/3/25 5:00
25.65,10,1/3/25 6:00
24.98,10,1/3/25 7:00
24.46,10,1/3/25 8:00
24.85,10,1/3/25 9:00
26.47,10,1/3/25 10:00
29.8,10,1/3/25 11:00
39.13,10,1/3/25 12:00
55.55,10,1/3/25 13:00
39.41,10,1/3/25 14:00
31.35,10,1/3/25 15:00
30.56,10,1/3/25 16:00
29.45,10,1/3/25 17:00
27.62,10,1/3/25 18:00
27.75,10,1/3/25 19:00
27.2,10,1/3/25 20:00
26.57,10,1/3/25 21:00
30.54,10,1/3/25 22:00
39.18,10,1/3/25 23:00
36.07,10,1/4/25 0:00
32.56,10,1/4/25 1:00
32.57,10,1/4/25 2:00
29.41,10,1/4/25 3:00
26.1,10,1/4/25 4:00
24.98,10,1/4/25 5:00
26.27,10,1/4/25 6:00
24.83,10,1/4/25 7:00
23.8,10,1/4/25 8:00
23.83,10,1/4/25 9:00
25.09,10,1/4/25 10:00
25.63,10,1/4/25 11:00
33.64,10,1/4/25 12:00
42.8,10,1/4/25 13:00
42.7,10,1/4/25 14:00
34.95,10,1/4/25 15:00
33.53,10,1/4/25 16:00
33.35,10,1/4/25 17:00
31.74,10,1/4/25 18:00
31.33,10,1/4/25 19:00
30.72,10,1/4/25 20:00
30.7,10,1/4/25 21:00
34.36,10,1/4/25 22:00
52.05,10,1/4/25 23:00
48.26,10,1/5/25 0:00
49.44,10,1/5/25 1:00
46.99,10,1/5/25 2:00
45.52,10,1/5/25 3:00
41.67,10,1/5/25 3:59
37.72,10,1/5/25 4:59
37.72,10,1/5/25 5:59
34.62,10,1/5/25 6:59
33.84,10,1/5/25 7:59
34.16,10,1/5/25 8:59
35.16,10,1/5/25 9:59
36.74,10,1/5/25 10:59
63.78,10,1/5/25 11:59
72.8,10,1/5/25 12:59
47.46,10,1/5/25 13:59
36.27,10,1/5/25 14:59
32.7,10,1/5/25 15:59
31.49,10,1/5/25 16:59
29.12,10,1/5/25 17:59
29.13,10,1/5/25 18:59
28.84,10,1/5/25 19:59
28.96,10,1/5/25 20:59
34.02,10,1/5/25 21:59
46.75,10,1/5/25 22:59
36.24,10,1/5/25 23:59
33.95,10,1/6/25 0:59
33.09,10,1/6/25 1:59
32.29,10,1/6/25 2:59
28.97,10,1/6/25 3:59
28.6,10,1/6/25 4:59
29.25,10,1/6/25 5:59
27.14,10,1/6/25 6:59
26.46,10,1/6/25 7:59
25.1,10,1/6/25 8:59
25.8,10,1/6/25 9:59
25.82,10,1/6/25 10:59
27.01,10,1/6/25 11:59
29.08,10,1/6/25 12:59
35.12,10,1/6/25 13:59
39.58,10,1/6/25 14:59
36.57,10,1/6/25 15:59
36.59,10,1/6/25 16:59
34.45,10,1/6/25 17:59
33.97,10,1/6/25 18:59
32.26,10,1/6/25 19:59
31.36,10,1/6/25 20:59
33.61,10,1/6/25 21:59
35.56,10,1/6/25 22:59
32.08,10,1/6/25 23:59
30.62,10,1/7/25 0:59
29.18,10,1/7/25 1:59
27.98,10,1/7/25 2:59
26.37,10,1/7/25 3:59
24.59,10,1/7/25 4:59
24.13,10,1/7/25 5:59
21.92,10,1/7/25 6:59
21.6,10,1/7/25 7:59
20.78,10,1/7/25 8:59
20.73,10,1/7/25 9:59
21.26,10,1/7/25 10:59
21.43,10,1/7/25 11:59
22.49,10,1/7/25 12:59
24.38,10,1/7/25 13:59
24.21,10,1/7/25 14:59
24.77,10,1/7/25 15:59
24.24,10,1/7/25 16:59
23.2,10,1/7/25 17:59
21.99,10,1/7/25 18:59
22.1,10,1/7/25 19:59
22.38,10,1/7/25 20:59
25.65,10,1/7/25 21:59
32.25,10,1/7/25 22:59
31.4,10,1/7/25 23:59
30.77,10,1/8/25 0:59
30.6,10,1/8/25 1:59
28.49,10,1/8/25 2:59
25.49,10,1/8/25 3:59
24.18,10,1/8/25 4:59
22.06,10,1/8/25 5:59
21.47,10,1/8/25 6:59
21.62,10,1/8/25 7:59
21.37,10,1/8/25 8:59
21.52,10,1/8/25 9:59
23.81,10,1/8/25 10:59
34.15,10,1/8/25 11:59
47.7,10,1/8/25 12:59
29.35,10,1/8/25 13:59
26.06,10,1/8/25 14:59
24.4,10,1/8/25 15:59
24.82,10,1/8/25 16:59
23.65,10,1/8/25 17:59
23.3,10,1/8/25 18:59
22.67,10,1/8/25 19:59
21.48,10,1/8/25 20:59
22.97,10,1/8/25 21:59
26.43,10,1/8/25 22:59
24.55,10,1/8/25 23:59
22.62,10,1/9/25 0:59
20.33,10,1/9/25 1:59
18.21,10,1/9/25 2:59
16.45,10,1/9/25 3:59
14.94,10,1/9/25 4:59
19.64,10,1/9/25 5:59
18.5,10,1/9/25 6:59
17.36,10,1/9/25 7:59
16.78,10,1/9/25 8:59
17.72,10,1/9/25 9:59
17.45,10,1/9/25 10:59
20.78,10,1/9/25 11:59
25.23,10,1/9/25 12:59
27.86,10,1/9/25 13:59
28.7,10,1/9/25 14:59
29.13,10,1/9/25 15:59
29.21,10,1/9/25 16:59
29.12,10,1/9/25 17:59
28.38,10,1/9/25 18:59
25.68,10,1/9/25 19:59
26.08,10,1/9/25 20:59
25.91,10,1/9/25 21:59
26.31,10,1/9/25 22:59
24.49,10,1/9/25 23:59
22.07,10,1/10/25 0:59
19.61,10,1/10/25 1:59
18.6,10,1/10/25 2:59
16.35,10,1/10/25 3:59
14.51,10,1/10/25 4:59
17.08,10,1/10/25 5:59
17.07,10,1/10/25 6:59
16.66,10,1/10/25 7:59
16.43,10,1/10/25 8:59
18.16,10,1/10/25 9:59
20.2,10,1/10/25 10:59
29.19,10,1/10/25 11:59
30.39,10,1/10/25 12:59
28.81,10,1/10/25 13:59
25.94,10,1/10/25 14:59
27.87,10,1/10/25 15:59
28.48,10,1/10/25 16:59
28.58,10,1/10/25 17:59
27.34,10,1/10/25 18:59
27.1,10,1/10/25 19:59
29.41,10,1/10/25 20:59
34.38,10,1/10/25 21:59
47.93,10,1/10/25 22:59
39.15,10,1/10/25 23:59
33.86,0,1/11/25 0:59
31.42,0,1/11/25 1:59
29.38,0,1/11/25 2:59
26.79,0,1/11/25 3:59
22.48,0,1/11/25 4:59
25.34,0,1/11/25 5:59
23.6,0,1/11/25 6:59
18.89,0,1/11/25 7:59
18.68,0,1/11/25 8:59
19.47,0,1/11/25 9:59
21.08,0,1/11/25 10:59
25.85,0,1/11/25 11:59
28.16,0,1/11/25 12:59
30.58,0,1/11/25 13:59
25.97,0,1/11/25 14:59
27.21,0,1/11/25 15:59
26.57,0,1/11/25 16:59
26.59,0,1/11/25 17:59
24.68,0,1/11/25 18:59
23.47,0,1/11/25 19:59
24.91,0,1/11/25 20:59
29.79,0,1/11/25 21:59
38.38,0,1/11/25 22:59
42.38,0,1/11/25 23:59
35.32,0,1/12/25 0:59
33.74,0,1/12/25 1:59
30.93,0,1/12/25 2:59
28.99,0,1/12/25 3:59
25.99,0,1/12/25 4:59
17.53,0,1/12/25 5:59
15.36,0,1/12/25 6:59
13.91,0,1/12/25 7:59
12.18,0,1/12/25 8:59
14.88,0,1/12/25 9:59
16.31,0,1/12/25 10:59
18.33,0,1/12/25 11:59
20.45,0,1/12/25 12:59
19.35,0,1/12/25 13:59
21.89,0,1/12/25 14:59
24.44,0,1/12/25 15:59
23.62,0,1/12/25 16:59
23.53,0,1/12/25 17:59
22.73,0,1/12/25 18:59
23.18,0,1/12/25 19:59
21.73,0,1/12/25 20:59
22.42,0,1/12/25 21:59
25.63,0,1/12/25 22:59
24.8,0,1/12/25 23:59
22.94,0,1/13/25 0:59
20.91,0,1/13/25 1:59
20.26,0,1/13/25 2:59
19.99,0,1/13/25 3:59
18.19,0,1/13/25 4:59
20.24,0,1/13/25 5:59
18.23,0,1/13/25 6:59
15.62,0,1/13/25 7:59
13.84,0,1/13/25 8:59
15.81,0,1/13/25 9:59
16.81,0,1/13/25 10:59
16.68,0,1/13/25 11:59
20.72,0,1/13/25 12:59
21.64,0,1/13/25 13:59
22.57,0,1/13/25 14:59
51.9,0,1/13/25 15:59
42.83,0,1/13/25 16:59
39.67,0,1/13/25 17:59
36.82,0,1/13/25 18:59
34.23,0,1/13/25 19:59
36.72,0,1/13/25 20:59
48.57,0,1/13/25 21:59
72.02,0,1/13/25 22:59
73.9,0,1/13/25 23:59
72.66,0,1/14/25 0:59
66.34,0,1/14/25 1:59
54.95,0,1/14/25 2:59
48.69,0,1/14/25 3:59
48.21,0,1/14/25 4:59
35.85,0,1/14/25 5:59
34.49,0,1/14/25 6:59
34.57,0,1/14/25 7:59
34.26,0,1/14/25 8:59
35.12,0,1/14/25 9:59
40.22,0,1/14/25 10:59
41.78,0,1/14/25 11:59
38.61,0,1/14/25 12:59
41.82,0,1/14/25 13:59
37.25,0,1/14/25 14:59
47.29,0,1/14/25 15:59
42.99,0,1/14/25 16:59
46.84,0,1/14/25 17:59
44.08,0,1/14/25 18:59
44.02,0,1/14/25 19:59
42.59,0,1/14/25 20:59
53.8,0,1/14/25 21:59
90.33,0,1/14/25 22:59
93.27,0,1/14/25 23:59
96.16,0,1/15/25 0:59
97.06,0,1/15/25 1:59
95.09,0,1/15/25 2:59
89.91,0,1/15/25 3:59
83.44,0,1/15/25 4:59
112.23,0,1/15/25 5:59
117.35,0,1/15/25 6:59
111.34,0,1/15/25 7:59
118.97,0,1/15/25 8:59
119.87,0,1/15/25 9:59
122.18,0,1/15/25 10:59
127.13,0,1/15/25 11:59
142.39,0,1/15/25 12:59
140.78,0,1/15/25 13:59
139.47,0,1/15/25 14:59
147.73,0,1/15/25 15:59
142.86,0,1/15/25 16:59
126.24,0,1/15/25 17:59
123.63,0,1/15/25 18:59
120.09,0,1/15/25 19:59
118.18,0,1/15/25 20:59
116.68,0,1/15/25 21:59
147.29,0,1/15/25 22:59
143.47,0,1/15/25 23:59
144.7,0,1/16/25 0:59
122.84,0,1/16/25 1:59
123.16,0,1/16/25 2:59
108.61,0,1/16/25 3:59
90.19,0,1/16/25 4:59
83.11,0,1/16/25 5:59
80.96,0,1/16/25 6:59
78.11,0,1/16/25 7:59
74.85,0,1/16/25 8:59
75.84,0,1/16/25 9:59
96.09,0,1/16/25 10:59
137.89,0,1/16/25 11:59
146.76,0,1/16/25 12:59
152.51,0,1/16/25 13:59
147.72,0,1/16/25 14:59
144.02,0,1/16/25 15:59
134.66,0,1/16/25 16:59
120.68,0,1/16/25 17:59
116.8,0,1/16/25 18:59
113.47,0,1/16/25 19:59
111.9,0,1/16/25 20:59
129.89,0,1/16/25 21:59
175.55,0,1/16/25 22:59
181.63,0,1/16/25 23:59
180.7,0,1/17/25 0:59
164.43,0,1/17/25 1:59
153.05,0,1/17/25 2:59
131.14,0,1/17/25 3:59
124.19,0,1/17/25 4:59
133.86,0,1/17/25 5:59
137.51,0,1/17/25 6:59
135.51,0,1/17/25 7:59
141.06,0,1/17/25 8:59
135.5,0,1/17/25 9:59
155.02,0,1/17/25 10:59
183.47,0,1/17/25 11:59
267.53,0,1/17/25 12:59
168.66,0,1/17/25 13:59
144.85,0,1/17/25 14:59
118.83,0,1/17/25 15:59
80.41,0,1/17/25 16:59
71.65,0,1/17/25 17:59
66.01,0,1/17/25 18:59
59.05,0,1/17/25 19:59
64.04,0,1/17/25 20:59
81.11,0,1/17/25 21:59
96.35,0,1/17/25 22:59
113.25,0,1/17/25 23:59
110.98,0,1/18/25 0:59
105.36,0,1/18/25 1:59
100.9,0,1/18/25 2:59
80.82,0,1/18/25 3:59
62.76,0,1/18/25 4:59
59.43,0,1/18/25 5:59
51.49,0,1/18/25 6:59
48.57,0,1/18/25 7:59
47.03,0,1/18/25 8:59
48.25,0,1/18/25 9:59
56.44,0,1/18/25 10:59
74.02,0,1/18/25 11:59
99.8,0,1/18/25 12:59
86.09,0,1/18/25 13:59
72.21,0,1/18/25 14:59
48.12,0,1/18/25 15:59
45.19,0,1/18/25 16:59
42.88,0,1/18/25 17:59
41.32,0,1/18/25 18:59
41.3,0,1/18/25 19:59
40.78,0,1/18/25 20:59
44.14,0,1/18/25 21:59
52.88,0,1/18/25 22:59
54.04,0,1/18/25 23:59
51.1,0,1/19/25 0:59
46.89,0,1/19/25 1:59
42.21,0,1/19/25 2:59
39.01,0,1/19/25 3:59
36.68,0,1/19/25 4:59
35.1,0,1/19/25 5:59
32.8,0,1/19/25 6:59
31.47,0,1/19/25 7:59
30.85,0,1/19/25 8:59
32.14,0,1/19/25 9:59
36.27,0,1/19/25 10:59
39.42,0,1/19/25 11:59
47.45,0,1/19/25 12:59
49.4,0,1/19/25 13:59
50.85,0,1/19/25 14:59
54.04,0,1/19/25 15:59
48.81,0,1/19/25 16:59
47,0,1/19/25 17:59
42.63,0,1/19/25 18:59
40.36,0,1/19/25 19:59
39.67,0,1/19/25 20:59
45.4,0,1/19/25 21:59
53.39,0,1/19/25 22:59
55.24,0,1/19/25 23:59
55.34,0,1/20/25 0:59
53.08,0,1/20/25 1:59
49.67,0,1/20/25 2:59
48,0,1/20/25 3:59
43.1,0,1/20/25 4:59
38.48,0,1/20/25 5:59
38.05,0,1/20/25 6:59
38.19,0,1/20/25 7:59
38.24,0,1/20/25 8:59
42.09,0,1/20/25 9:59
43.25,0,1/20/25 10:59
42.36,0,1/20/25 11:59
54.57,0,1/20/25 12:59
48.28,0,1/20/25 13:59
48.9,0,1/20/25 14:59
45.97,0,1/20/25 15:59
46.84,0,1/20/25 16:59
45.99,0,1/20/25 17:59
40.9,0,1/20/25 18:59
38.18,0,1/20/25 19:59
42.6,0,1/20/25 20:59
48.71,0,1/20/25 21:59
63.28,0,1/20/25 22:59
69.36,0,1/20/25 23:59
54.13,0,1/21/25 0:59
53.65,0,1/21/25 1:59
55.95,0,1/21/25 2:59
52.73,0,1/21/25 3:59
49.91,0,1/21/25 4:59
38.87,0,1/21/25 5:59
39.25,0,1/21/25 6:59
39.04,0,1/21/25 7:59
38.17,0,1/21/25 8:59
38.1,0,1/21/25 9:59
39.14,0,1/21/25 10:59
40.03,0,1/21/25 11:59
45.99,0,1/21/25 12:59
34.77,0,1/21/25 13:59
32.17,0,1/21/25 14:59
31.16,0,1/21/25 15:59
31.54,0,1/21/25 16:59
30.55,0,1/21/25 17:59
28.38,0,1/21/25 18:59
26.51,0,1/21/25 19:59
26.52,0,1/21/25 20:59
29.56,0,1/21/25 21:59
40.76,0,1/21/25 22:59
35.12,0,1/21/25 23:59
29.48,0,1/22/25 0:59
28.54,0,1/22/25 1:59
28.37,0,1/22/25 2:59
26.03,0,1/22/25 3:59
20.08,0,1/22/25 4:59
19.98,0,1/22/25 5:59
18.32,0,1/22/25 6:59
19.96,0,1/22/25 7:59
18.95,0,1/22/25 8:59
24.22,0,1/22/25 9:59
30.2,0,1/22/25 10:59
58.51,0,1/22/25 11:59
73.67,0,1/22/25 12:59
40.4,0,1/22/25 13:59
33.11,0,1/22/25 14:59
36.2,0,1/22/25 15:59
33.69,0,1/22/25 16:59
32.65,0,1/22/25 17:59
31.5,0,1/22/25 18:59
30.94,0,1/22/25 19:59
33.22,0,1/22/25 20:59
34.04,0,1/22/25 21:59
43.58,0,1/22/25 22:59
42.87,0,1/22/25 23:59
41.94,0,1/23/25 0:59
40.83,0,1/23/25 1:59
35.08,0,1/23/25 2:59
32.01,0,1/23/25 3:59
29.31,0,1/23/25 4:59
33.77,0,1/23/25 5:59
30.71,0,1/23/25 6:59
30.38,0,1/23/25 7:59
29.88,0,1/23/25 8:59
30.98,0,1/23/25 9:59
33.77,0,1/23/25 10:59
49.5,0,1/23/25 11:59
52.5,0,1/23/25 12:59
45.17,0,1/23/25 13:59
40.01,0,1/23/25 14:59
31.09,0,1/23/25 15:59
32.13,0,1/23/25 16:59
32.12,0,1/23/25 17:59
31.02,0,1/23/25 18:59
29.51,0,1/23/25 19:59
30.06,0,1/23/25 20:59
31.5,0,1/23/25 21:59
38.7,0,1/23/25 22:59
35.88,0,1/23/25 23:59
31.68,0,1/24/25 0:59
29.27,0,1/24/25 1:59
26.91,0,1/24/25 2:59
25.75,0,1/24/25 3:59
24.79,0,1/24/25 4:59
23.06,0,1/24/25 5:59
21.71,0,1/24/25 6:59
21.56,0,1/24/25 7:59
21.42,0,1/24/25 8:59
21.84,0,1/24/25 9:59
23.76,0,1/24/25 10:59
31.5,0,1/24/25 11:59
32.69,0,1/24/25 12:59
29.76,0,1/24/25 13:59
28.97,0,1/24/25 14:59
29.69,0,1/24/25 15:59
27.63,0,1/24/25 16:59
26.49,0,1/24/25 17:59
25.96,0,1/24/25 18:59
24.81,0,1/24/25 19:59
24.57,0,1/24/25 20:59
26.35,0,1/24/25 21:59
31.37,0,1/24/25 22:59
29.59,0,1/24/25 23:59
26.51,0,1/25/25 0:59
24.79,0,1/25/25 1:59
23.04,0,1/25/25 2:59
21.69,0,1/25/25 3:59
19.83,0,1/25/25 4:59
22.15,0,1/25/25 5:59
20.41,0,1/25/25 6:59
18.31,0,1/25/25 7:59
18.17,0,1/25/25 8:59
19.99,0,1/25/25 9:59
23.08,0,1/25/25 10:59
29.22,0,1/25/25 11:59
32.96,0,1/25/25 12:59
33.32,0,1/25/25 13:59
33.91,0,1/25/25 14:59
34.63,0,1/25/25 15:59
33.43,0,1/25/25 16:59
32.7,0,1/25/25 17:59
32.73,0,1/25/25 18:59
31.83,0,1/25/25 19:59
30.44,0,1/25/25 20:59
30.8,0,1/25/25 21:59
33.87,0,1/25/25 22:59
32.78,0,1/25/25 23:59
29.38,0,1/26/25 0:59
27.94,0,1/26/25 1:59
25.02,0,1/26/25 2:59
22.35,0,1/26/25 3:59
17.92,0,1/26/25 4:59
19.98,0,1/26/25 5:59
17.42,0,1/26/25 6:59
15.53,0,1/26/25 7:59
15.33,0,1/26/25 8:59
16.24,0,1/26/25 9:59
20.78,0,1/26/25 10:59
26.7,0,1/26/25 11:59
32.27,0,1/26/25 12:59
32.63,0,1/26/25 13:59
31.67,0,1/26/25 14:59
32.49,0,1/26/25 15:59
32.24,0,1/26/25 16:59
30.94,0,1/26/25 17:59
29.63,0,1/26/25 18:59
27.96,0,1/26/25 19:59
27.69,0,1/26/25 20:59
31.15,0,1/26/25 21:59
35.13,0,1/26/25 22:59
33.87,0,1/26/25 23:59
30.48,0,1/27/25 0:59
28.76,0,1/27/25 1:59
26.42,0,1/27/25 2:59
22.81,0,1/27/25 3:59
21.16,0,1/27/25 4:59
20.88,0,1/27/25 5:59
19.07,0,1/27/25 6:59
17.94,0,1/27/25 7:59
17.77,0,1/27/25 8:59
18.28,0,1/27/25 9:59
18.62,0,1/27/25 10:59
21.04,0,1/27/25 11:59
22.77,0,1/27/25 12:59
26.88,0,1/27/25 13:59
27.72,0,1/27/25 14:59
26.87,0,1/27/25 15:59
27.13,0,1/27/25 16:59
25.81,0,1/27/25 17:59
24.52,0,1/27/25 18:59
23.57,0,1/27/25 19:59
23.59,0,1/27/25 20:59
25.01,0,1/27/25 21:59
31.1,0,1/27/25 22:59
29.04,0,1/27/25 23:59
24.49,0,1/28/25 0:59
22.78,0,1/28/25 1:59
21.43,0,1/28/25 2:59
20.27,0,1/28/25 3:59
17.39,0,1/28/25 4:59
15.37,0,1/28/25 5:59
14.86,0,1/28/25 6:59
14.19,0,1/28/25 7:59
13.68,0,1/28/25 8:59
14.17,0,1/28/25 9:59
14.13,0,1/28/25 10:59
14.92,0,1/28/25 11:59
15.26,0,1/28/25 12:59
16.99,0,1/28/25 13:59
20.55,0,1/28/25 14:59
22.5,0,1/28/25 15:59
23.46,0,1/28/25 16:59
23.72,0,1/28/25 17:59
22.19,0,1/28/25 18:59
21.73,0,1/28/25 19:59
21.4,0,1/28/25 20:59
22.67,0,1/28/25 21:59
31.04,0,1/28/25 22:59
29.98,0,1/28/25 23:59
27.6,0,1/29/25 0:59
26.46,0,1/29/25 1:59
24.66,0,1/29/25 2:59
22.56,0,1/29/25 3:59
21.04,0,1/29/25 4:59
18.09,0,1/29/25 5:59
16.98,0,1/29/25 6:59
17.16,0,1/29/25 7:59
16.77,0,1/29/25 8:59
18.12,0,1/29/25 9:59
21.47,0,1/29/25 10:59
30.76,0,1/29/25 11:59
37.21,0,1/29/25 12:59
31.72,0,1/29/25 13:59
29.27,0,1/29/25 14:59
29.64,0,1/29/25 15:59
29.66,0,1/29/25 16:59
28.27,0,1/29/25 17:59
25.15,0,1/29/25 18:59
22.61,0,1/29/25 19:59
23.55,0,1/29/25 20:59
27.38,0,1/29/25 21:59
37.09,0,1/29/25 22:59
32.99,0,1/29/25 23:59
28.09,0,1/30/25 0:59
25.24,0,1/30/25 1:59
20.71,0,1/30/25 2:59
18.47,0,1/30/25 3:59
16.37,0,1/30/25 4:59
15.19,0,1/30/25 5:59
17.05,0,1/30/25 6:59
16.31,0,1/30/25 7:59
16.48,0,1/30/25 8:59
17.64,0,1/30/25 9:59
20.43,0,1/30/25 10:59
33.48,0,1/30/25 11:59
39.39,0,1/30/25 12:59
32.07,0,1/30/25 13:59
28.02,0,1/30/25 14:59
27.97,0,1/30/25 15:59
26.15,0,1/30/25 16:59
25.67,0,1/30/25 17:59
24.92,0,1/30/25 18:59
24.6,0,1/30/25 19:59
24.23,0,1/30/25 20:59
26.94,0,1/30/25 21:59
33.39,0,1/30/25 22:59
33.33,0,1/30/25 23:59
30.92,0,1/31/25 0:59
29.7,0,1/31/25 1:59
27.48,0,1/31/25 2:59
23.73,0,1/31/25 3:59
22.85,0,1/31/25 4:59
22.32,0,1/31/25 5:59
22.15,0,1/31/25 6:59
21.01,0,1/31/25 7:59
21.22,0,1/31/25 8:59
21.93,0,1/31/25 9:59
21.94,0,1/31/25 10:59
30.06,0,1/31/25 11:59
38.13,0,1/31/25 12:59
35.05,0,1/31/25 13:59
31.48,0,1/31/25 14:59
31.61,0,1/31/25 15:59
30.47,0,1/31/25 16:59
29.28,0,1/31/25 17:59
24.92,0,1/31/25 18:59
23.25,0,1/31/25 19:59
22.86,0,1/31/25 20:59
23.83,0,1/31/25 21:59
30.47,0,1/31/25 22:59
29.69,0,1/31/25 23:59
25.36,0,2/1/25 0:59
22.92,0,2/1/25 1:59
24.07,0,2/1/25 2:59
22.29,0,2/1/25 3:59
18.53,0,2/1/25 4:59
16.29,0,2/1/25 5:59
17.46,0,2/1/25 6:59
17.47,0,2/1/25 7:59
17.43,0,2/1/25 8:59
16.12,0,2/1/25 9:59
18.47,0,2/1/25 10:59
26.5,0,2/1/25 11:59
32.96,0,2/1/25 12:59
26.6,0,2/1/25 13:59
22.32,0,2/1/25 14:59
21.5,0,2/1/25 15:59
19.73,0,2/1/25 16:59
20,0,2/1/25 17:59
18.5,0,2/1/25 18:59
18.26,0,2/1/25 19:59
18.38,0,2/1/25 20:59
21.29,0,2/1/25 21:59
28.14,0,2/1/25 22:59
27.61,0,2/1/25 23:59
25.03,0,2/2/25 0:59
23.69,0,2/2/25 1:59
20.76,0,2/2/25 2:59
19.03,0,2/2/25 3:59
16.17,0,2/2/25 4:59
14.52,0,2/2/25 5:59
14.22,0,2/2/25 6:59
13.38,0,2/2/25 7:59
13.31,0,2/2/25 8:59
13.88,0,2/2/25 9:59
15.69,0,2/2/25 10:59
23.11,0,2/2/25 11:59
24.75,0,2/2/25 12:59
24.74,0,2/2/25 13:59
22.44,0,2/2/25 14:59
22.64,0,2/2/25 15:59
22.2,0,2/2/25 16:59
22.6,0,2/2/25 17:59
20.54,0,2/2/25 18:59
19.93,0,2/2/25 19:59
19.78,0,2/2/25 20:59
21.6,0,2/2/25 21:59
26.99,0,2/2/25 22:59
26.88,0,2/2/25 23:59
25.65,0,2/3/25 0:59
22.82,0,2/3/25 1:59
21.15,0,2/3/25 2:59
20.56,0,2/3/25 3:59
18.03,0,2/3/25 4:59
21.06,0,2/3/25 5:59
21.13,0,2/3/25 6:59
19.38,0,2/3/25 7:59
19.43,0,2/3/25 8:59
20.21,0,2/3/25 9:59
21.75,0,2/3/25 10:59
22.43,0,2/3/25 11:59
23.61,0,2/3/25 12:59
21.55,0,2/3/25 13:59
18.26,0,2/3/25 14:59
18.8,0,2/3/25 15:59
18.16,0,2/3/25 16:59
17.56,0,2/3/25 17:59
16.33,0,2/3/25 18:59
15.11,0,2/3/25 19:59
15.64,0,2/3/25 20:59
17.37,0,2/3/25 21:59
23.03,0,2/3/25 22:59
24.22,0,2/3/25 23:59
21.9,0,2/4/25 0:59
21.08,0,2/4/25 1:59
19.71,0,2/4/25 2:59
18.84,0,2/4/25 3:59
18.18,0,2/4/25 4:59
20.01,0,2/4/25 5:59
19.64,0,2/4/25 6:59
19.53,0,2/4/25 7:59
20.51,0,2/4/25 8:59
20.99,0,2/4/25 9:59
22.02,0,2/4/25 10:59
23.25,0,2/4/25 11:59
24.15,0,2/4/25 12:59
20.07,0,2/4/25 13:59
17.56,0,2/4/25 14:59
17.09,0,2/4/25 15:59
16.43,0,2/4/25 16:59
16.47,0,2/4/25 17:59
15.19,0,2/4/25 18:59
14.32,0,2/4/25 19:59
14.48,0,2/4/25 20:59
16.36,0,2/4/25 21:59
23.75,0,2/4/25 22:59
24.51,0,2/4/25 23:59
23.95,0,2/5/25 0:59
21.92,0,2/5/25 1:59
20.35,0,2/5/25 2:59
19.85,0,2/5/25 3:59
19.66,0,2/5/25 4:59
19.81,0,2/5/25 5:59
20.09,0,2/5/25 6:59
20.18,0,2/5/25 7:59
20.81,0,2/5/25 8:59
22.01,0,2/5/25 9:59
26.21,0,2/5/25 10:59
39.37,0,2/5/25 11:59
48.46,0,2/5/25 12:59
30.5,0,2/5/25 13:59
25.08,0,2/5/25 14:59
24.61,0,2/5/25 15:59
22.87,0,2/5/25 16:59
23.35,0,2/5/25 17:59
21.13,0,2/5/25 18:59
19.71,0,2/5/25 19:59
20.84,0,2/5/25 20:59
22.3,0,2/5/25 21:59
32.2,0,2/5/25 22:59
32.95,0,2/5/25 23:59
31.88,0,2/6/25 0:59
30.26,0,2/6/25 1:59
29.67,0,2/6/25 2:59
25.71,0,2/6/25 3:59
22.32,0,2/6/25 4:59
24.17,0,2/6/25 5:59
23.7,0,2/6/25 6:59
24.12,0,2/6/25 7:59
24.08,0,2/6/25 8:59
25.94,0,2/6/25 9:59
29.16,0,2/6/25 10:59
43.97,0,2/6/25 11:59
50.68,0,2/6/25 12:59
30.83,0,2/6/25 13:59
25.57,0,2/6/25 14:59
25.26,0,2/6/25 15:59
24.1,0,2/6/25 16:59
23.24,0,2/6/25 17:59
22.25,0,2/6/25 18:59
20.91,0,2/6/25 19:59
21.19,0,2/6/25 20:59
24.25,0,2/6/25 21:59
34.24,0,2/6/25 22:59
38.15,0,2/6/25 23:59
33.53,0,2/7/25 0:59
32.05,0,2/7/25 1:59
30.92,0,2/7/25 2:59
27.58,0,2/7/25 3:59
24.58,0,2/7/25 4:59
21.49,0,2/7/25 5:59
20.32,0,2/7/25 6:59
20,0,2/7/25 7:59
20.09,0,2/7/25 8:59
20.66,0,2/7/25 9:59
24.15,0,2/7/25 10:59
37.42,0,2/7/25 11:59
47.91,0,2/7/25 12:59
30.3,0,2/7/25 13:59
22.54,0,2/7/25 14:59
20.54,0,2/7/25 15:59
19.52,0,2/7/25 16:59
18.33,0,2/7/25 17:59
17.1,0,2/7/25 18:59
16.32,0,2/7/25 19:59
16.25,0,2/7/25 20:59
18.22,0,2/7/25 21:59
25.54,0,2/7/25 22:59
25.67,0,2/7/25 23:59
21.66,0,2/8/25 0:59
20.43,0,2/8/25 1:59
19.3,0,2/8/25 2:59
16.26,0,2/8/25 3:59
13.2,0,2/8/25 4:59
10.8,0,2/8/25 5:59
10.6,0,2/8/25 6:59
10.73,0,2/8/25 7:59
10.07,0,2/8/25 8:59
11.56,0,2/8/25 9:59
14.84,0,2/8/25 10:59
23.35,0,2/8/25 11:59
21.17,0,2/8/25 12:59
13.87,0,2/8/25 13:59
15.28,0,2/8/25 14:59
14.91,0,2/8/25 15:59
13.78,0,2/8/25 16:59
13.74,0,2/8/25 17:59
12.63,0,2/8/25 18:59
11.94,0,2/8/25 19:59
11.31,0,2/8/25 20:59
10.4,0,2/8/25 21:59
12.84,0,2/8/25 22:59
15.77,0,2/8/25 23:59
15.82,0,2/9/25 0:59
16.22,0,2/9/25 1:59
13.6,0,2/9/25 2:59
12.14,0,2/9/25 3:59
11.64,0,2/9/25 4:59
11.95,0,2/9/25 5:59
11.52,0,2/9/25 6:59
11.49,0,2/9/25 7:59
11.49,0,2/9/25 8:59
12.56,0,2/9/25 9:59
13.93,0,2/9/25 10:59
21.26,0,2/9/25 11:59
26.12,0,2/9/25 12:59
20.77,0,2/9/25 13:59
18.13,0,2/9/25 14:59
17.51,0,2/9/25 15:59
16.63,0,2/9/25 16:59
16.16,0,2/9/25 17:59
14.78,0,2/9/25 18:59
14.56,0,2/9/25 19:59
15.36,0,2/9/25 20:59
18.87,0,2/9/25 21:59
20.76,0,2/9/25 22:59
22.62,0,2/9/25 23:59
20.67,0,2/10/25 0:59
17.8,0,2/10/25 1:59
16.98,0,2/10/25 2:59
15.29,0,2/10/25 3:59
12.56,0,2/10/25 4:59
13.47,0,2/10/25 5:59
13.01,0,2/10/25 6:59
11.35,0,2/10/25 7:59
10.88,0,2/10/25 8:59
11.38,0,2/10/25 9:59
12.71,0,2/10/25 10:59
13.7,0,2/10/25 11:59
15.18,0,2/10/25 12:59
17.24,0,2/10/25 13:59
20.64,0,2/10/25 14:59
22.12,0,2/10/25 15:59
21.93,0,2/10/25 16:59
19.31,0,2/10/25 17:59
17.5,0,2/10/25 18:59
15.67,0,2/10/25 19:59
16.03,0,2/10/25 20:59
18.69,0,2/10/25 21:59
21.99,0,2/10/25 22:59
24.84,0,2/10/25 23:59
22.68,0,2/11/25 0:59
21.78,0,2/11/25 1:59
20.61,0,2/11/25 2:59
18.29,0,2/11/25 3:59
14.69,0,2/11/25 4:59
15.79,0,2/11/25 5:59
15.42,0,2/11/25 6:59
14.22,0,2/11/25 7:59
13.43,0,2/11/25 8:59
13.76,0,2/11/25 9:59
15.17,0,2/11/25 10:59
15.46,0,2/11/25 11:59
17.49,0,2/11/25 12:59
20.18,0,2/11/25 13:59
22.06,0,2/11/25 14:59
22.34,0,2/11/25 15:59
21.84,0,2/11/25 16:59
21.08,0,2/11/25 17:59
20.04,0,2/11/25 18:59
19.65,0,2/11/25 19:59
18.58,0,2/11/25 20:59
20.69,0,2/11/25 21:59
26.21,0,2/11/25 22:59
28.37,0,2/11/25 23:59
27.02,0,2/12/25 0:59
26.03,0,2/12/25 1:59
25.24,0,2/12/25 2:59
22.35,0,2/12/25 3:59
18.79,0,2/12/25 4:59
19.4,0,2/12/25 5:59
21.05,0,2/12/25 6:59
19.37,0,2/12/25 7:59
19.44,0,2/12/25 8:59
21.42,0,2/12/25 9:59
24.67,0,2/12/25 10:59
32.15,0,2/12/25 11:59
34.7,0,2/12/25 12:59
35.21,0,2/12/25 13:59
33.98,0,2/12/25 14:59
33.02,0,2/12/25 15:59
32.9,0,2/12/25 16:59
31.34,0,2/12/25 17:59
28.23,0,2/12/25 18:59
26.77,0,2/12/25 19:59
27.13,0,2/12/25 20:59
28.17,0,2/12/25 21:59
32.71,0,2/12/25 22:59
32.07,0,2/12/25 23:59
29.31,0,2/13/25 0:59
26.34,0,2/13/25 1:59
24.61,0,2/13/25 2:59
21.94,0,2/13/25 3:59
18.59,0,2/13/25 4:59
19.95,0,2/13/25 5:59
18.98,0,2/13/25 6:59
18,0,2/13/25 7:59
18.66,0,2/13/25 8:59
20.53,0,2/13/25 9:59
25.87,0,2/13/25 10:59
30.59,0,2/13/25 11:59
36.63,0,2/13/25 12:59
34.86,0,2/13/25 13:59
32.14,0,2/13/25 14:59
30.86,0,2/13/25 15:59
28.25,0,2/13/25 16:59
23.99,0,2/13/25 17:59
22.34,0,2/13/25 18:59
20.24,0,2/13/25 19:59
19.8,0,2/13/25 20:59
22.94,0,2/13/25 21:59
34.49,0,2/13/25 22:59
36.39,0,2/13/25 23:59
33.72,0,2/14/25 0:59
31.29,0,2/14/25 1:59
30.91,0,2/14/25 2:59
27.68,0,2/14/25 3:59
24.13,0,2/14/25 4:59
20.92,0,2/14/25 5:59
20.4,0,2/14/25 6:59
20.24,0,2/14/25 7:59
20.58,0,2/14/25 8:59
21.56,0,2/14/25 9:59
27.16,0,2/14/25 10:59
36.75,0,2/14/25 11:59
42.16,0,2/14/25 12:59
30.01,0,2/14/25 13:59
23.71,0,2/14/25 14:59
22.14,0,2/14/25 15:59
20.87,0,2/14/25 16:59
20.27,0,2/14/25 17:59
19.13,0,2/14/25 18:59
17.91,0,2/14/25 19:59
17.87,0,2/14/25 20:59
19.48,0,2/14/25 21:59
29.19,0,2/14/25 22:59
32.61,0,2/14/25 23:59
30.18,0,2/15/25 0:59
23.5,0,2/15/25 1:59
11.94,0,2/15/25 2:59
10.98,0,2/15/25 3:59
10.58,0,2/15/25 4:59
9.89,0,2/15/25 5:59
8.26,0,2/15/25 6:59
6.79,0,2/15/25 7:59
8.05,0,2/15/25 8:59
7.67,0,2/15/25 9:59
9.32,0,2/15/25 10:59
16.36,0,2/15/25 11:59
17.43,0,2/15/25 12:59
13.46,0,2/15/25 13:59
11.74,0,2/15/25 14:59
12.74,0,2/15/25 15:59
13.57,0,2/15/25 16:59
14.26,0,2/15/25 17:59
13.49,0,2/15/25 18:59
11.83,0,2/15/25 19:59
12.02,0,2/15/25 20:59
14.99,0,2/15/25 21:59
21.5,0,2/15/25 22:59
24.21,0,2/15/25 23:59
22.6,0,2/16/25 0:59
21.47,0,2/16/25 1:59
19.83,0,2/16/25 2:59
17.5,0,2/16/25 3:59
16.56,0,2/16/25 4:59
17.84,0,2/16/25 5:59
17.86,0,2/16/25 6:59
16.95,0,2/16/25 7:59
18.51,0,2/16/25 8:59
19.84,0,2/16/25 9:59
23.82,0,2/16/25 10:59
31.98,0,2/16/25 11:59
34.21,0,2/16/25 12:59
25.8,0,2/16/25 13:59
24.13,0,2/16/25 14:59
24.38,0,2/16/25 15:59
23.46,0,2/16/25 16:59
22,0,2/16/25 17:59
20.55,0,2/16/25 18:59
19.35,0,2/16/25 19:59
19.6,0,2/16/25 20:59
25.88,0,2/16/25 21:59
26.57,0,2/16/25 22:59
29.37,0,2/16/25 23:59
26.25,0,2/17/25 0:59
22.88,0,2/17/25 1:59
20.66,0,2/17/25 2:59
17.08,0,2/17/25 3:59
15.92,0,2/17/25 4:59
15.53,0,2/17/25 5:59
14.37,0,2/17/25 6:59
14.48,0,2/17/25 7:59
14.44,0,2/17/25 8:59
14.49,0,2/17/25 9:59
15.67,0,2/17/25 10:59
18.54,0,2/17/25 11:59
24.01,0,2/17/25 12:59
25.85,0,2/17/25 13:59
23.72,0,2/17/25 14:59
21.81,0,2/17/25 15:59
18.08,0,2/17/25 16:59
14.71,0,2/17/25 17:59
13.8,0,2/17/25 18:59
11.95,0,2/17/25 19:59
11.32,0,2/17/25 20:59
11.55,0,2/17/25 21:59
18.68,0,2/17/25 22:59
27.06,0,2/17/25 23:59
20.77,0,2/18/25 0:59
17,0,2/18/25 1:59
16.02,0,2/18/25 2:59
15.22,0,2/18/25 3:59
12.44,0,2/18/25 4:59
9.83,0,2/18/25 5:59
10.44,0,2/18/25 6:59
9.97,0,2/18/25 7:59
10.02,0,2/18/25 8:59
11.09,0,2/18/25 9:59
12.42,0,2/18/25 10:59
14.05,0,2/18/25 11:59
15.84,0,2/18/25 12:59
18.13,0,2/18/25 13:59
17.63,0,2/18/25 14:59
17.03,0,2/18/25 15:59
15.96,0,2/18/25 16:59
14.78,0,2/18/25 17:59
12.27,0,2/18/25 18:59
11.67,0,2/18/25 19:59
11.81,0,2/18/25 20:59
16.04,0,2/18/25 21:59
21.35,0,2/18/25 22:59
28.75,0,2/18/25 23:59
27.34,0,2/19/25 0:59
26.94,0,2/19/25 1:59
24.77,0,2/19/25 2:59
22.57,0,2/19/25 3:59
20.43,0,2/19/25 4:59
23.11,0,2/19/25 5:59
22.27,0,2/19/25 6:59
20.57,0,2/19/25 7:59
23.44,0,2/19/25 8:59
24.05,0,2/19/25 9:59
26.51,0,2/19/25 10:59
38.38,0,2/19/25 11:59
42.68,0,2/19/25 12:59
27.31,0,2/19/25 13:59
23.74,0,2/19/25 14:59
23.2,0,2/19/25 15:59
22.53,0,2/19/25 16:59
21.27,0,2/19/25 17:59
19.38,0,2/19/25 18:59
17.39,0,2/19/25 19:59
17.1,0,2/19/25 20:59
22.14,0,2/19/25 21:59
30.85,0,2/19/25 22:59
32.22,0,2/19/25 23:59
30.77,0,2/20/25 0:59
28.54,0,2/20/25 1:59
27.5,0,2/20/25 2:59
24.25,0,2/20/25 3:59
21.32,0,2/20/25 4:59
22.95,0,2/20/25 5:59
22.54,0,2/20/25 6:59
21.58,0,2/20/25 7:59
22.97,0,2/20/25 8:59
25.16,0,2/20/25 9:59
28.43,0,2/20/25 10:59
47.55,0,2/20/25 11:59
49.66,0,2/20/25 12:59
29.2,0,2/20/25 13:59
22.75,0,2/20/25 14:59
21.98,0,2/20/25 15:59
20.93,0,2/20/25 16:59
18.21,0,2/20/25 17:59
17.52,0,2/20/25 18:59
16.77,0,2/20/25 19:59
16.41,0,2/20/25 20:59
17.87,0,2/20/25 21:59
26.26,0,2/20/25 22:59
29.51,0,2/20/25 23:59
26.08,0,2/21/25 0:59
23.14,0,2/21/25 1:59
20.56,0,2/21/25 2:59
18.64,0,2/21/25 3:59
16.63,0,2/21/25 4:59
15.89,0,2/21/25 5:59
16.64,0,2/21/25 6:59
15.78,0,2/21/25 7:59
16.67,0,2/21/25 8:59
19.42,0,2/21/25 9:59
14.28,0,2/21/25 10:59
25.67,0,2/21/25 11:59
29.32,0,2/21/25 12:59
23.57,0,2/21/25 13:59
18.78,0,2/21/25 14:59
18.04,0,2/21/25 15:59
17.6,0,2/21/25 16:59
16.7,0,2/21/25 17:59
16.09,0,2/21/25 18:59
14.63,0,2/21/25 19:59
14.95,0,2/21/25 20:59
16.6,0,2/21/25 21:59
24.64,0,2/21/25 22:59
26.55,0,2/21/25 23:59
25.25,0,2/22/25 0:59
23.49,0,2/22/25 1:59
23.08,0,2/22/25 2:59
18.85,0,2/22/25 3:59
17.09,0,2/22/25 4:59
17.83,0,2/22/25 5:59
17.88,0,2/22/25 6:59
16.83,0,2/22/25 7:59
17.32,0,2/22/25 8:59
18.47,0,2/22/25 9:59
18.98,0,2/22/25 10:59
25.87,0,2/22/25 11:59
32.46,0,2/22/25 12:59
26.44,0,2/22/25 13:59
23.85,0,2/22/25 14:59
24.09,0,2/22/25 15:59
22.97,0,2/22/25 16:59
21.81,0,2/22/25 17:59
21.11,0,2/22/25 18:59
19.85,0,2/22/25 19:59
20.75,0,2/22/25 20:59
22.42,0,2/22/25 21:59
29.55,0,2/22/25 22:59
29.65,0,2/22/25 23:59
27.05,0,2/23/25 0:59
24.43,0,2/23/25 1:59
18.82,0,2/23/25 2:59
15.46,0,2/23/25 3:59
10.43,0,2/23/25 4:59
12.44,0,2/23/25 5:59
10.07,0,2/23/25 6:59
9.83,0,2/23/25 7:59
10.17,0,2/23/25 8:59
11.42,0,2/23/25 9:59
13.21,0,2/23/25 10:59
21.13,0,2/23/25 11:59
26.06,0,2/23/25 12:59
26.3,0,2/23/25 13:59
25.89,0,2/23/25 14:59
25.55,0,2/23/25 15:59
23.86,0,2/23/25 16:59
20.34,0,2/23/25 17:59
18.34,0,2/23/25 18:59
17.63,0,2/23/25 19:59
17.18,0,2/23/25 20:59
16.94,0,2/23/25 21:59
20.19,0,2/23/25 22:59
23.31,0,2/23/25 23:59
23.01,0,2/24/25 0:59
21.44,0,2/24/25 1:59
19.94,0,2/24/25 2:59
17.85,0,2/24/25 3:59
16.79,0,2/24/25 4:59
11.66,0,2/24/25 5:59
15.36,0,2/24/25 6:59
15.66,0,2/24/25 7:59
16.06,0,2/24/25 8:59
17.7,0,2/24/25 9:59
19.81,0,2/24/25 10:59
21.48,0,2/24/25 11:59
24.77,0,2/24/25 12:59
25.64,0,2/24/25 13:59
26.11,0,2/24/25 14:59
27.42,0,2/24/25 15:59
26.21,0,2/24/25 16:59
25.77,0,2/24/25 17:59
22.19,0,2/24/25 18:59
21.53,0,2/24/25 19:59
21.11,0,2/24/25 20:59
23.42,0,2/24/25 21:59
27.81,0,2/24/25 22:59
34.41,0,2/24/25 23:59
30.98,0,2/25/25 0:59
29.73,0,2/25/25 1:59
26.42,0,2/25/25 2:59
25.4,0,2/25/25 3:59
20,0,2/25/25 4:59
12.12,0,2/25/25 5:59
7.23,0,2/25/25 6:59
0.93,0,2/25/25 7:59
5.8,0,2/25/25 8:59
9.66,0,2/25/25 9:59
9.98,0,2/25/25 10:59
14.73,0,2/25/25 11:59
11.8,0,2/25/25 12:59
9.95,0,2/25/25 13:59
12.53,0,2/25/25 14:59
11.51,0,2/25/25 15:59
10.83,0,2/25/25 16:59
11.34,0,2/25/25 17:59
9.66,0,2/25/25 18:59
11.39,0,2/25/25 19:59
12.64,0,2/25/25 20:59
14.66,0,2/25/25 21:59
21.46,0,2/25/25 22:59
33.14,0,2/25/25 23:59
27.82,0,2/26/25 0:59
23.72,0,2/26/25 1:59
21.45,0,2/26/25 2:59
18.33,0,2/26/25 3:59
18.08,0,2/26/25 4:59
21.58,0,2/26/25 5:59
19.8,0,2/26/25 6:59
17.9,0,2/26/25 7:59
19.94,0,2/26/25 8:59
21.22,0,2/26/25 9:59
22.06,0,2/26/25 10:59
41.79,0,2/26/25 11:59
38.28,0,2/26/25 12:59
21.68,0,2/26/25 13:59
20.51,0,2/26/25 14:59
21.83,0,2/26/25 15:59
19.38,0,2/26/25 16:59
18.68,0,2/26/25 17:59
17.18,0,2/26/25 18:59
16.3,0,2/26/25 19:59
15.96,0,2/26/25 20:59
17.46,0,2/26/25 21:59
22.73,0,2/26/25 22:59
25.68,0,2/26/25 23:59
23.27,0,2/27/25 0:59
17.37,0,2/27/25 1:59
15.86,0,2/27/25 2:59
14.21,0,2/27/25 3:59
11.74,0,2/27/25 4:59
10.37,0,2/27/25 5:59
9.52,0,2/27/25 6:59
9.36,0,2/27/25 7:59
9.5,0,2/27/25 8:59
10.15,0,2/27/25 9:59
12.22,0,2/27/25 10:59
20.28,0,2/27/25 11:59
20.64,0,2/27/25 12:59
18.92,0,2/27/25 13:59
17.48,0,2/27/25 14:59
20.2,0,2/27/25 15:59
20.47,0,2/27/25 16:59
19.95,0,2/27/25 17:59
20.57,0,2/27/25 18:59
18.79,0,2/27/25 19:59
19.67,0,2/27/25 20:59
21.32,0,2/27/25 21:59
23.08,0,2/27/25 22:59
26.26,0,2/27/25 23:59
23.43,0,2/28/25 0:59
21.34,0,2/28/25 1:59
15.74,0,2/28/25 2:59
14.22,0,2/28/25 3:59
10.25,0,2/28/25 4:59
9.61,0,2/28/25 5:59
9.57,0,2/28/25 6:59
8.98,0,2/28/25 7:59
8.88,0,2/28/25 8:59
9.27,0,2/28/25 9:59
11.1,0,2/28/25 10:59
18.8,0,2/28/25 11:59
22.24,0,2/28/25 12:59
21.36,0,2/28/25 13:59
23.16,0,2/28/25 14:59
25.39,0,2/28/25 15:59
25.67,0,2/28/25 16:59
25.95,0,2/28/25 17:59
25.32,0,2/28/25 18:59
24.48,0,2/28/25 19:59
23.68,0,2/28/25 20:59
23.83,0,2/28/25 21:59
30.18,0,2/28/25 22:59
37.25,0,2/28/25 23:59
34.45,0,3/1/25 0:59
33.8,0,3/1/25 1:59
30.63,0,3/1/25 2:59
27.76,0,3/1/25 3:59
23.52,0,3/1/25 4:59
19.07,0,3/1/25 5:59
21.55,0,3/1/25 6:59
21.9,0,3/1/25 7:59
24.75,0,3/1/25 8:59
26.26,0,3/1/25 9:59
32.65,0,3/1/25 10:59
54.22,0,3/1/25 11:59
56.34,0,3/1/25 12:59
30.09,0,3/1/25 13:59
23.22,0,3/1/25 14:59
21.92,0,3/1/25 15:59
20.15,0,3/1/25 16:59
20.79,0,3/1/25 17:59
16.25,0,3/1/25 18:59
12.43,0,3/1/25 19:59
11.96,0,3/1/25 20:59
16.07,0,3/1/25 21:59
24.6,0,3/1/25 22:59
38.14,0,3/1/25 23:59
32.66,0,3/2/25 0:59
24.69,0,3/2/25 1:59
18.61,0,3/2/25 2:59
15.59,0,3/2/25 3:59
12.11,0,3/2/25 4:59
11.39,0,3/2/25 5:59
10.64,0,3/2/25 6:59
10.57,0,3/2/25 7:59
11.17,0,3/2/25 8:59
11.46,0,3/2/25 9:59
14.74,0,3/2/25 10:59
36.77,0,3/2/25 11:59
38.06,0,3/2/25 12:59
25.2,0,3/2/25 13:59
24.1,0,3/2/25 14:59
24.84,0,3/2/25 15:59
24.07,0,3/2/25 16:59
23.71,0,3/2/25 17:59
23.17,0,3/2/25 18:59
22.41,0,3/2/25 19:59
22.58,0,3/2/25 20:59
22.67,0,3/2/25 21:59
26.51,0,3/2/25 22:59
29.51,0,3/2/25 23:59
25.94,0,3/3/25 0:59
23.71,0,3/3/25 1:59
23.05,0,3/3/25 2:59
19.09,0,3/3/25 3:59
16.67,0,3/3/25 4:59
19.85,0,3/3/25 5:59
18.9,0,3/3/25 6:59
17.49,0,3/3/25 7:59
18.22,0,3/3/25 8:59
19.13,0,3/3/25 9:59
18.45,0,3/3/25 10:59
22.89,0,3/3/25 11:59
25.2,0,3/3/25 12:59
26.83,0,3/3/25 13:59
28.54,0,3/3/25 14:59
29,0,3/3/25 15:59
26.98,0,3/3/25 16:59
24.78,0,3/3/25 17:59
22.75,0,3/3/25 18:59
18.07,0,3/3/25 19:59
16.35,0,3/3/25 20:59
15.79,0,3/3/25 21:59
19.28,0,3/3/25 22:59
21.76,0,3/3/25 23:59
18.7,0,3/4/25 0:59
12.52,0,3/4/25 1:59
8.22,0,3/4/25 2:59
4.95,0,3/4/25 3:59
3.02,0,3/4/25 4:59
0.74,0,3/4/25 5:59
0.95,0,3/4/25 6:59
-1.26,0,3/4/25 7:59
-1.29,0,3/4/25 8:59
-2.9,0,3/4/25 9:59
-3.11,0,3/4/25 10:59
-2.35,0,3/4/25 11:59
-1,0,3/4/25 12:59
3.51,0,3/4/25 13:59
5.43,0,3/4/25 14:59
6.5,0,3/4/25 15:59
7.53,0,3/4/25 16:59
7.36,0,3/4/25 17:59
6.96,0,3/4/25 18:59
6.09,0,3/4/25 19:59
5.91,0,3/4/25 20:59
7.51,0,3/4/25 21:59
9.01,0,3/4/25 22:59
15.55,0,3/4/25 23:59
15.68,0,3/5/25 0:59
11.02,0,3/5/25 1:59
10.98,0,3/5/25 2:59
9.26,0,3/5/25 3:59
8.32,0,3/5/25 4:59
8.69,0,3/5/25 5:59
8.87,0,3/5/25 6:59
7.58,0,3/5/25 7:59
6.97,0,3/5/25 8:59
9.04,0,3/5/25 9:59
13.78,0,3/5/25 10:59
24.14,0,3/5/25 11:59
26.67,0,3/5/25 12:59
19.59,0,3/5/25 13:59
17.58,0,3/5/25 14:59
18.83,0,3/5/25 15:59
19.75,0,3/5/25 16:59
18.8,0,3/5/25 17:59
17.52,0,3/5/25 18:59
14.79,0,3/5/25 19:59
16.22,0,3/5/25 20:59
18.58,0,3/5/25 21:59
26.04,0,3/5/25 22:59
32.07,0,3/5/25 23:59
25.13,0,3/6/25 0:59
20.59,0,3/6/25 1:59
16.5,0,3/6/25 2:59
13.9,0,3/6/25 3:59
10.08,0,3/6/25 4:59
11.79,0,3/6/25 5:59
9.44,0,3/6/25 6:59
9.33,0,3/6/25 7:59
9.13,0,3/6/25 8:59
9.92,0,3/6/25 9:59
14.36,0,3/6/25 10:59
23.17,0,3/6/25 11:59
23.73,0,3/6/25 12:59
24.13,0,3/6/25 13:59
22.45,0,3/6/25 14:59
22.72,0,3/6/25 15:59
22.36,0,3/6/25 16:59
22.42,0,3/6/25 17:59
20.81,0,3/6/25 18:59
18.34,0,3/6/25 19:59
17.56,0,3/6/25 20:59
21.13,0,3/6/25 21:59
23.86,0,3/6/25 22:59
26.64,0,3/6/25 23:59
26.2,0,3/7/25 0:59
22.03,0,3/7/25 1:59
21.72,0,3/7/25 2:59
18.41,0,3/7/25 3:59
15.54,0,3/7/25 4:59
17.33,0,3/7/25 5:59
14.98,0,3/7/25 6:59
12.57,0,3/7/25 7:59
12.08,0,3/7/25 8:59
12.76,0,3/7/25 9:59
14.64,0,3/7/25 10:59
20.96,0,3/7/25 11:59
24,0,3/7/25 12:59
25.23,0,3/7/25 13:59
25.48,0,3/7/25 14:59
25.65,0,3/7/25 15:59
25.12,0,3/7/25 16:59
25.07,0,3/7/25 17:59
24.9,0,3/7/25 18:59
24.63,0,3/7/25 19:59
23.7,0,3/7/25 20:59
22.54,0,3/7/25 21:59
22.36,0,3/7/25 22:59
25.95,0,3/7/25 23:59
27.44,0,3/8/25 0:59
23.39,0,3/8/25 1:59
21.94,0,3/8/25 2:59
21.77,0,3/8/25 3:59
15.59,0,3/8/25 4:59
15.74,0,3/8/25 5:59
13.93,0,3/8/25 6:59
12.2,0,3/8/25 7:59
12.12,0,3/8/25 8:59
13.96,0,3/8/25 9:59
18.64,0,3/8/25 10:59
26.57,0,3/8/25 11:59
28.37,0,3/8/25 12:59
26.89,0,3/8/25 13:59
25.72,0,3/8/25 14:59
25.35,0,3/8/25 15:59
23.5,0,3/8/25 16:59
21.97,0,3/8/25 17:59
21.5,0,3/8/25 18:59
18.67,0,3/8/25 19:59
17.99,0,3/8/25 20:59
21.12,0,3/8/25 21:59
25.6,0,3/8/25 22:59
31.54,0,3/8/25 23:59
28.29,0,3/9/25 0:59
23.57,0,3/9/25 1:59
20.13,0,3/9/25 2:59
17.22,0,3/9/25 3:59
14.4,0,3/9/25 4:59
14.44,0,3/9/25 5:59
12.5,0,3/9/25 6:59
10.28,0,3/9/25 7:59
9.82,0,3/9/25 8:59
10.33,0,3/9/25 9:59
13.03,0,3/9/25 10:59
20.42,0,3/9/25 11:59
21.26,0,3/9/25 12:59
18.61,0,3/9/25 13:59
17.31,0,3/9/25 14:59
18.28,0,3/9/25 15:59
18.2,0,3/9/25 16:59
17.52,0,3/9/25 17:59
15.94,0,3/9/25 18:59
15.23,0,3/9/25 19:59
15.16,0,3/9/25 20:59
16.95,0,3/9/25 21:59
20.07,0,3/9/25 22:59
23.41,0,3/9/25 23:59
22.41,0,3/10/25 0:59
18.34,0,3/10/25 1:59
14.95,0,3/10/25 2:59
12.83,0,3/10/25 3:59
11.09,0,3/10/25 4:59
12.07,0,3/10/25 5:59
10,0,3/10/25 6:59
8.17,0,3/10/25 7:59
7.94,0,3/10/25 8:59
6.73,0,3/10/25 9:59
5.58,0,3/10/25 10:59
7.78,0,3/10/25 11:59
11.76,0,3/10/25 12:59
16.23,0,3/10/25 13:59
20.23,0,3/10/25 14:59
22.93,0,3/10/25 15:59
20.65,0,3/10/25 16:59
18.17,0,3/10/25 17:59
15.3,0,3/10/25 18:59
12.16,0,3/10/25 19:59
11.33,0,3/10/25 20:59
11.83,0,3/10/25 21:59
15.25,0,3/10/25 22:59
21.7,0,3/10/25 23:59
23.06,0,3/11/25 0:59
21.81,0,3/11/25 1:59
20.53,0,3/11/25 2:59
16.79,0,3/11/25 3:59
14.23,0,3/11/25 4:59
12.59,0,3/11/25 5:59
11.9,0,3/11/25 6:59
11.62,0,3/11/25 7:59
13.57,0,3/11/25 8:59
14.21,0,3/11/25 9:59
16.02,0,3/11/25 10:59
18.44,0,3/11/25 11:59
16.87,0,3/11/25 12:59
12.75,0,3/11/25 13:59
12.55,0,3/11/25 14:59
11.88,0,3/11/25 15:59
10.76,0,3/11/25 16:59
9.93,0,3/11/25 17:59
9.88,0,3/11/25 18:59
9.73,0,3/11/25 19:59
10.07,0,3/11/25 20:59
12.33,0,3/11/25 21:59
20.32,0,3/11/25 22:59
33.56,0,3/11/25 23:59
31.51,0,3/12/25 0:59
26.45,0,3/12/25 1:59
20.02,0,3/12/25 2:59
16.31,0,3/12/25 3:59
14.98,0,3/12/25 4:59
12.95,0,3/12/25 5:59
11.29,0,3/12/25 6:59
12.37,0,3/12/25 7:59
12.26,0,3/12/25 8:59
15.15,0,3/12/25 9:59
36.81,0,3/12/25 10:59
48.8,0,3/12/25 11:59
20.82,0,3/12/25 12:59
14.9,0,3/12/25 13:59
15.5,0,3/12/25 14:59
12.86,0,3/12/25 15:59
11.78,0,3/12/25 16:59
10.51,0,3/12/25 17:59
9.57,0,3/12/25 18:59
8.83,0,3/12/25 19:59
8.5,0,3/12/25 20:59
8.41,0,3/12/25 21:59
12.34,0,3/12/25 22:59
19.58,0,3/12/25 23:59
10.78,0,3/13/25 0:59
10.41,0,3/13/25 1:59
10.02,0,3/13/25 2:59
6.79,0,3/13/25 3:59
1.47,0,3/13/25 4:59
1.81,0,3/13/25 5:59
0.8,0,3/13/25 6:59
1.11,0,3/13/25 7:59
1.27,0,3/13/25 8:59
-0.06,0,3/13/25 9:59
4.77,0,3/13/25 10:59
12.24,0,3/13/25 11:59
11.75,0,3/13/25 12:59
10.21,0,3/13/25 13:59
12.68,0,3/13/25 14:59
12.36,0,3/13/25 15:59
11.78,0,3/13/25 16:59
11.07,0,3/13/25 17:59
9.32,0,3/13/25 18:59
8.72,0,3/13/25 19:59
9.13,0,3/13/25 20:59
10.98,0,3/13/25 21:59
21.46,0,3/13/25 22:59
34.09,0,3/13/25 23:59
23.28,0,3/14/25 0:59
17.76,0,3/14/25 1:59
11.86,0,3/14/25 2:59
9.96,0,3/14/25 3:59
8.84,0,3/14/25 4:59
8.57,0,3/14/25 5:59
9.09,0,3/14/25 6:59
9.75,0,3/14/25 7:59
12.24,0,3/14/25 8:59
17.45,0,3/14/25 9:59
32.82,0,3/14/25 10:59
38.26,0,3/14/25 11:59
29.12,0,3/14/25 12:59
21.09,0,3/14/25 13:59
22.93,0,3/14/25 14:59
22.34,0,3/14/25 15:59
22.31,0,3/14/25 16:59
21.6,0,3/14/25 17:59
19.18,0,3/14/25 18:59
17.95,0,3/14/25 19:59
17.74,0,3/14/25 20:59
21.71,0,3/14/25 21:59
26.7,0,3/14/25 22:59
38.04,0,3/14/25 23:59
27.16,0,3/15/25 0:59
18.73,0,3/15/25 1:59
13.11,0,3/15/25 2:59
9.35,0,3/15/25 3:59
8.71,0,3/15/25 4:59
6.97,0,3/15/25 5:59
5.4,0,3/15/25 6:59
4.87,0,3/15/25 7:59
6.11,0,3/15/25 8:59
8.83,0,3/15/25 9:59
15.35,0,3/15/25 10:59
18.2,0,3/15/25 11:59
9.71,0,3/15/25 12:59
7.86,0,3/15/25 13:59
8.83,0,3/15/25 14:59
9.58,0,3/15/25 15:59
10.39,0,3/15/25 16:59
10.26,0,3/15/25 17:59
9.59,0,3/15/25 18:59
9.49,0,3/15/25 19:59
10.09,0,3/15/25 20:59
13.57,0,3/15/25 21:59
15.92,0,3/15/25 22:59
24.14,0,3/15/25 23:59
18.41,0,3/16/25 0:59
13.72,0,3/16/25 1:59
10.93,0,3/16/25 2:59
9.36,0,3/16/25 3:59
8.23,0,3/16/25 4:59
6.04,0,3/16/25 5:59
5.42,0,3/16/25 6:59
4.91,0,3/16/25 7:59
5.24,0,3/16/25 8:59
6.79,0,3/16/25 9:59
8.76,0,3/16/25 10:59
17.19,0,3/16/25 11:59
20.56,0,3/16/25 12:59
21.32,0,3/16/25 13:59
21.86,0,3/16/25 14:59
22.46,0,3/16/25 15:59
21.87,0,3/16/25 16:59
21.82,0,3/16/25 17:59
22.49,0,3/16/25 18:59
21.1,0,3/16/25 19:59
20.84,0,3/16/25 20:59
21.59,0,3/16/25 21:59
23.04,0,3/16/25 22:59
28.85,0,3/16/25 23:59
25.74,0,3/17/25 0:59
21.91,0,3/17/25 1:59
20.16,0,3/17/25 2:59
16.5,0,3/17/25 3:59
15.15,0,3/17/25 4:59
10.54,0,3/17/25 5:59
8.11,0,3/17/25 6:59
4.39,0,3/17/25 7:59
3.72,0,3/17/25 8:59
-0.01,0,3/17/25 9:59
4.3,0,3/17/25 10:59
7.04,0,3/17/25 11:59
6.06,0,3/17/25 12:59
3.31,0,3/17/25 13:59
5.75,0,3/17/25 14:59
4.96,0,3/17/25 15:59
4.83,0,3/17/25 16:59
0.49,0,3/17/25 17:59
-0.36,0,3/17/25 18:59
-0.59,0,3/17/25 19:59
-0.57,0,3/17/25 20:59
2.78,0,3/17/25 21:59
3.37,0,3/17/25 22:59
9.48,0,3/17/25 23:59
12.81,0,3/18/25 0:59
9.28,0,3/18/25 1:59
7.83,0,3/18/25 2:59
5.66,0,3/18/25 3:59
8.35,0,3/18/25 4:59
4.97,0,3/18/25 5:59
6.08,0,3/18/25 6:59
6.27,0,3/18/25 7:59
6.43,0,3/18/25 8:59
5.62,0,3/18/25 9:59
8.27,0,3/18/25 10:59
9.49,0,3/18/25 11:59
10.79,0,3/18/25 12:59
9.52,0,3/18/25 13:59
8.5,0,3/18/25 14:59
7.06,0,3/18/25 15:59
7.62,0,3/18/25 16:59
7.15,0,3/18/25 17:59
6.41,0,3/18/25 18:59
5.59,0,3/18/25 19:59
4.94,0,3/18/25 20:59
8.94,0,3/18/25 21:59
10.04,0,3/18/25 22:59
30.77,0,3/18/25 23:59
27.07,0,3/19/25 0:59
21.51,0,3/19/25 1:59
18.76,0,3/19/25 2:59
15.17,0,3/19/25 3:59
13.62,0,3/19/25 4:59
12.6,0,3/19/25 5:59
11.67,0,3/19/25 6:59
12.1,0,3/19/25 7:59
14.98,0,3/19/25 8:59
18.22,0,3/19/25 9:59
31.29,0,3/19/25 10:59
44.79,0,3/19/25 11:59
29.3,0,3/19/25 12:59
21.23,0,3/19/25 13:59
22.36,0,3/19/25 14:59
21.19,0,3/19/25 15:59
20.49,0,3/19/25 16:59
18.17,0,3/19/25 17:59
14.95,0,3/19/25 18:59
13.95,0,3/19/25 19:59
12.24,0,3/19/25 20:59
18.57,0,3/19/25 21:59
21.78,0,3/19/25 22:59
44.2,0,3/19/25 23:59
35.73,0,3/20/25 0:59
31.66,0,3/20/25 1:59
29.63,0,3/20/25 2:59
24.9,0,3/20/25 3:59
14.93,0,3/20/25 4:59
12.14,0,3/20/25 5:59
10.67,0,3/20/25 6:59
9.48,0,3/20/25 7:59
9.43,0,3/20/25 8:59
9.51,0,3/20/25 9:59
18.48,0,3/20/25 10:59
27.94,0,3/20/25 11:59
15.84,0,3/20/25 12:59
14.42,0,3/20/25 13:59
12.02,0,3/20/25 14:59
12.14,0,3/20/25 15:59
10.7,0,3/20/25 16:59
6.69,0,3/20/25 17:59
6.44,0,3/20/25 18:59
5.26,0,3/20/25 19:59
3.21,0,3/20/25 20:59
8.91,0,3/20/25 21:59
12.3,0,3/20/25 22:59
26.38,0,3/20/25 23:59
23.75,0,3/21/25 0:59
20.22,0,3/21/25 1:59
16.07,0,3/21/25 2:59
14.22,0,3/21/25 3:59
9.15,0,3/21/25 4:59
8.68,0,3/21/25 5:59
8.63,0,3/21/25 6:59
8.06,0,3/21/25 7:59
8.61,0,3/21/25 8:59
9.61,0,3/21/25 9:59
18.81,0,3/21/25 10:59
30.13,0,3/21/25 11:59
18.69,0,3/21/25 12:59
13.32,0,3/21/25 13:59
15.66,0,3/21/25 14:59
15.96,0,3/21/25 15:59
14.9,0,3/21/25 16:59
13.87,0,3/21/25 17:59
12.67,0,3/21/25 18:59
13.24,0,3/21/25 19:59
12.64,0,3/21/25 20:59
14.46,0,3/21/25 21:59
19.05,0,3/21/25 22:59
35.92,0,3/21/25 23:59
40.28,0,3/22/25 0:59
31.96,0,3/22/25 1:59
27.53,0,3/22/25 2:59
26.01,0,3/22/25 3:59
22.9,0,3/22/25 4:59
23.72,0,3/22/25 5:59
23.72,0,3/22/25 6:59
23.94,0,3/22/25 7:59
25.57,0,3/22/25 8:59
27.99,0,3/22/25 9:59
62.14,0,3/22/25 10:59
70.65,0,3/22/25 11:59
35.48,0,3/22/25 12:59
26.03,0,3/22/25 13:59
24.06,0,3/22/25 14:59
21.52,0,3/22/25 15:59
20.39,0,3/22/25 16:59
18.78,0,3/22/25 17:59
17.57,0,3/22/25 18:59
16.07,0,3/22/25 19:59
15.47,0,3/22/25 20:59
17.35,0,3/22/25 21:59
25.34,0,3/22/25 22:59
41.97,0,3/22/25 23:59
36.99,0,3/23/25 0:59
26.36,0,3/23/25 1:59
22.87,0,3/23/25 2:59
18.47,0,3/23/25 3:59
15.83,0,3/23/25 4:59
11.95,0,3/23/25 5:59
9.99,0,3/23/25 6:59
10.59,0,3/23/25 7:59
10.61,0,3/23/25 8:59
10.13,0,3/23/25 9:59
30.41,0,3/23/25 10:59
43.28,0,3/23/25 11:59
34.13,0,3/23/25 12:59
28.01,0,3/23/25 13:59
24.3,0,3/23/25 14:59
24.46,0,3/23/25 15:59
23.66,0,3/23/25 16:59
21.2,0,3/23/25 17:59
20.64,0,3/23/25 18:59
20.94,0,3/23/25 19:59
20.62,0,3/23/25 20:59
18.77,0,3/23/25 21:59
15.24,0,3/23/25 22:59
18.5,0,3/23/25 23:59
15.72,0,3/24/25 0:59
16.42,0,3/24/25 1:59
16.88,0,3/24/25 2:59
11.24,0,3/24/25 3:59
15.87,0,3/24/25 4:59
16.62,0,3/24/25 5:59
16.12,0,3/24/25 6:59
15.11,0,3/24/25 7:59
15.24,0,3/24/25 8:59
17.38,0,3/24/25 9:59
14.87,0,3/24/25 10:59
21.38,0,3/24/25 11:59
25.66,0,3/24/25 12:59
25.35,0,3/24/25 13:59
25.16,0,3/24/25 14:59
23.46,0,3/24/25 15:59
21.88,0,3/24/25 16:59
20.56,0,3/24/25 17:59
19.04,0,3/24/25 18:59
18.09,0,3/24/25 19:59
17.47,0,3/24/25 20:59
16.36,0,3/24/25 21:59
17.41,0,3/24/25 22:59
23.98,0,3/24/25 23:59
25.47,0,3/25/25 0:59
19.83,0,3/25/25 1:59
18.45,0,3/25/25 2:59
18.71,0,3/25/25 3:59
18.06,0,3/25/25 4:59
14.99,0,3/25/25 5:59
15.1,0,3/25/25 6:59
14.76,0,3/25/25 7:59
16.6,0,3/25/25 8:59
16.8,0,3/25/25 9:59
15.95,0,3/25/25 10:59
12.98,0,3/25/25 11:59
7.51,0,3/25/25 12:59
4.85,0,3/25/25 13:59
4.43,0,3/25/25 14:59
4.32,0,3/25/25 15:59
3.2,0,3/25/25 16:59
2.42,0,3/25/25 17:59
1.63,0,3/25/25 18:59
1.36,0,3/25/25 19:59
1.15,0,3/25/25 20:59
1.7,0,3/25/25 21:59
3.23,0,3/25/25 22:59
15.26,0,3/25/25 23:59
13.2,0,3/26/25 0:59
9.25,0,3/26/25 1:59
7.16,0,3/26/25 2:59
7.11,0,3/26/25 3:59
8.07,0,3/26/25 4:59
7.42,0,3/26/25 5:59
7.28,0,3/26/25 6:59
6.65,0,3/26/25 7:59
8.72,0,3/26/25 8:59
7.54,0,3/26/25 9:59
6.12,0,3/26/25 10:59
10.04,0,3/26/25 11:59
9.97,0,3/26/25 12:59
11.31,0,3/26/25 13:59
9.99,0,3/26/25 14:59
10.58,0,3/26/25 15:59
10.04,0,3/26/25 16:59
8.38,0,3/26/25 17:59
7.13,0,3/26/25 18:59
6.06,0,3/26/25 19:59
5.51,0,3/26/25 20:59
8.1,0,3/26/25 21:59
10.32,0,3/26/25 22:59
20.43,0,3/26/25 23:59
17.21,0,3/27/25 0:59
11.39,0,3/27/25 1:59
10.57,0,3/27/25 2:59
9.87,0,3/27/25 3:59
6.2,0,3/27/25 4:59
3.2,0,3/27/25 5:59
3.58,0,3/27/25 6:59
2.57,0,3/27/25 7:59
3.16,0,3/27/25 8:59
4.64,0,3/27/25 9:59
11.7,0,3/27/25 10:59
17.76,0,3/27/25 11:59
16.32,0,3/27/25 12:59
17.82,0,3/27/25 13:59
16.96,0,3/27/25 14:59
14.99,0,3/27/25 15:59
15.14,0,3/27/25 16:59
12.53,0,3/27/25 17:59
11.39,0,3/27/25 18:59
10.34,0,3/27/25 19:59
10.77,0,3/27/25 20:59
10.63,0,3/27/25 21:59
9.34,0,3/27/25 22:59
14.96,0,3/27/25 23:59
17.87,0,3/28/25 0:59
17.55,0,3/28/25 1:59
14.05,0,3/28/25 2:59
11.53,0,3/28/25 3:59
15.54,0,3/28/25 4:59
17.82,0,3/28/25 5:59
17.07,0,3/28/25 6:59
16.65,0,3/28/25 7:59
19.14,0,3/28/25 8:59
19.74,0,3/28/25 9:59
28.74,0,3/28/25 10:59
34.94,0,3/28/25 11:59
32.05,0,3/28/25 12:59
29.21,0,3/28/25 13:59
28.69,0,3/28/25 14:59
26.56,0,3/28/25 15:59
25.79,0,3/28/25 16:59
21.97,0,3/28/25 17:59
19.16,0,3/28/25 18:59
17.98,0,3/28/25 19:59
17.91,0,3/28/25 20:59
19.22,0,3/28/25 21:59
21.04,0,3/28/25 22:59
30.06,0,3/28/25 23:59
33.03,0,3/29/25 0:59
32.62,0,3/29/25 1:59
24.84,0,3/29/25 2:59
22.15,0,3/29/25 3:59
19.95,0,3/29/25 4:59
19.84,0,3/29/25 5:59
17.21,0,3/29/25 6:59
17.43,0,3/29/25 7:59
19.11,0,3/29/25 8:59
22.85,0,3/29/25 9:59
33.36,0,3/29/25 10:59
40.92,0,3/29/25 11:59
40.64,0,3/29/25 12:59
32.83,0,3/29/25 13:59
29.56,0,3/29/25 14:59
23.33,0,3/29/25 15:59
20.57,0,3/29/25 16:59
17.71,0,3/29/25 17:59
15.51,0,3/29/25 18:59
14.24,0,3/29/25 19:59
14.06,0,3/29/25 20:59
15.86,0,3/29/25 21:59
17.37,0,3/29/25 22:59
27.91,0,3/29/25 23:59
29.8,0,3/30/25 0:59
23.6,0,3/30/25 1:59
17.52,0,3/30/25 2:59
14.64,0,3/30/25 3:59
21.28,0,3/30/25 4:59
20.89,0,3/30/25 5:59
19.68,0,3/30/25 6:59
19.48,0,3/30/25 7:59
21.23,0,3/30/25 8:59
20.71,0,3/30/25 9:59
28.29,0,3/30/25 10:59
33.78,0,3/30/25 11:59
23.48,0,3/30/25 12:59
19.07,0,3/30/25 13:59
18.14,0,3/30/25 14:59
16.1,0,3/30/25 15:59
14.57,0,3/30/25 16:59
12.23,0,3/30/25 17:59
11.35,0,3/30/25 18:59
11.15,0,3/30/25 19:59
10.54,0,3/30/25 20:59
11.18,0,3/30/25 21:59
15.97,0,3/30/25 22:59
24.19,0,3/30/25 23:59
22.37,0,3/31/25 0:59
18.28,0,3/31/25 1:59
15.98,0,3/31/25 2:59
13.79,0,3/31/25 3:59
6.77,0,3/31/25 4:59
6.96,0,3/31/25 5:59
6.05,0,3/31/25 6:59
5.7,0,3/31/25 7:59
4.75,0,3/31/25 8:59
1.81,0,3/31/25 9:59
5.22,0,3/31/25 10:59
5.9,0,3/31/25 11:59
9.39,0,3/31/25 12:59
9.95,0,3/31/25 13:59
11.71,0,3/31/25 14:59
11.53,0,3/31/25 15:59
9.95,0,3/31/25 16:59
11.61,0,3/31/25 17:59
10.27,0,3/31/25 18:59
10.04,0,3/31/25 19:59
12.44,0,3/31/25 20:59
16.02,0,3/31/25 21:59
22.15,0,3/31/25 22:59
26.34,0,3/31/25 23:59
27.36,0,4/1/25 0:59
21.73,0,4/1/25 1:59
20.47,0,4/1/25 2:59
15.73,0,4/1/25 3:59
11.58,0,4/1/25 4:59
12.2,0,4/1/25 5:59
10.95,0,4/1/25 6:59
10.22,0,4/1/25 7:59
10.59,0,4/1/25 8:59
10.86,0,4/1/25 9:59
13.63,0,4/1/25 10:59
14.9,0,4/1/25 11:59
15.29,0,4/1/25 12:59
15.68,0,4/1/25 13:59
15.47,0,4/1/25 14:59
15.23,0,4/1/25 15:59
15.44,0,4/1/25 16:59
14.72,0,4/1/25 17:59
13.73,0,4/1/25 18:59
12.38,0,4/1/25 19:59
13.24,0,4/1/25 20:59
13.03,0,4/1/25 21:59
13.97,0,4/1/25 22:59
19.26,0,4/1/25 23:59
18.52,0,4/2/25 0:59
16.25,0,4/2/25 1:59
13.16,0,4/2/25 2:59
10.51,0,4/2/25 3:59
8.04,0,4/2/25 4:59
8.06,0,4/2/25 5:59
8.26,0,4/2/25 6:59
7.96,0,4/2/25 7:59
8.02,0,4/2/25 8:59
9.18,0,4/2/25 9:59
12.08,0,4/2/25 10:59
17.49,0,4/2/25 11:59
25.48,0,4/2/25 12:59
26.83,0,4/2/25 13:59
27.56,0,4/2/25 14:59
27.9,0,4/2/25 15:59
27.09,0,4/2/25 16:59
25.76,0,4/2/25 17:59
26.02,0,4/2/25 18:59
25.63,0,4/2/25 19:59
25.22,0,4/2/25 20:59
26.77,0,4/2/25 21:59
23.46,0,4/2/25 22:59
27.48,0,4/2/25 23:59
27.78,0,4/3/25 0:59
21.54,0,4/3/25 1:59
17.79,0,4/3/25 2:59
14.26,0,4/3/25 3:59
11.11,0,4/3/25 4:59
11.1,0,4/3/25 5:59
10.48,0,4/3/25 6:59
10.29,0,4/3/25 7:59
11.13,0,4/3/25 8:59
13.41,0,4/3/25 9:59
19.48,0,4/3/25 10:59
25.6,0,4/3/25 11:59
29.11,0,4/3/25 12:59
25.93,0,4/3/25 13:59
25.67,0,4/3/25 14:59
24.73,0,4/3/25 15:59
24.18,0,4/3/25 16:59
23.29,0,4/3/25 17:59
22.65,0,4/3/25 18:59
19.6,0,4/3/25 19:59
16.88,0,4/3/25 20:59
16.85,0,4/3/25 21:59
13.74,0,4/3/25 22:59
15.99,0,4/3/25 23:59
18.95,0,4/4/25 0:59
15.06,0,4/4/25 1:59
13.38,0,4/4/25 2:59
12.14,0,4/4/25 3:59
10.39,0,4/4/25 4:59
9.78,0,4/4/25 5:59
9.17,0,4/4/25 6:59
8.61,0,4/4/25 7:59
9.07,0,4/4/25 8:59
10.61,0,4/4/25 9:59
15.43,0,4/4/25 10:59
20.07,0,4/4/25 11:59
24.08,0,4/4/25 12:59
22.98,0,4/4/25 13:59
20.76,0,4/4/25 14:59
22.65,0,4/4/25 15:59
22.49,0,4/4/25 16:59
21.59,0,4/4/25 17:59
19.63,0,4/4/25 18:59
18.04,0,4/4/25 19:59
14.57,0,4/4/25 20:59
14.63,0,4/4/25 21:59
15.63,0,4/4/25 22:59
20.79,0,4/4/25 23:59
24.87,0,4/5/25 0:59
19.14,0,4/5/25 1:59
17.31,0,4/5/25 2:59
13.12,0,4/5/25 3:59
11.02,0,4/5/25 4:59
10.83,0,4/5/25 5:59
10.69,0,4/5/25 6:59
10.74,0,4/5/25 7:59
9.97,0,4/5/25 8:59
12.74,0,4/5/25 9:59
20.55,0,4/5/25 10:59
28.52,0,4/5/25 11:59
24.27,0,4/5/25 12:59
21.23,0,4/5/25 13:59
20.51,0,4/5/25 14:59
20.34,0,4/5/25 15:59
19.41,0,4/5/25 16:59
18.37,0,4/5/25 17:59
16.11,0,4/5/25 18:59
13.78,0,4/5/25 19:59
12.46,0,4/5/25 20:59
15.12,0,4/5/25 21:59
20.93,0,4/5/25 22:59
29.45,0,4/5/25 23:59
35.53,0,4/6/25 0:59
32,0,4/6/25 1:59
27.79,0,4/6/25 2:59
22.95,0,4/6/25 3:59
24.83,0,4/6/25 4:59
26.6,0,4/6/25 5:59
25.25,0,4/6/25 6:59
24.07,0,4/6/25 7:59
26.04,0,4/6/25 8:59
30.75,0,4/6/25 9:59
43.69,0,4/6/25 10:59
47.77,0,4/6/25 11:59
31.18,0,4/6/25 12:59
27.69,0,4/6/25 13:59
27.13,0,4/6/25 14:59
26.48,0,4/6/25 15:59
25.28,0,4/6/25 16:59
21.98,0,4/6/25 17:59
20.46,0,4/6/25 18:59
19.54,0,4/6/25 19:59
20.48,0,4/6/25 20:59
21.89,0,4/6/25 21:59
22,0,4/6/25 22:59
32.81,0,4/6/25 23:59
41.38,0,4/7/25 0:59
32.86,0,4/7/25 1:59
30.56,0,4/7/25 2:59
22.96,0,4/7/25 3:59
27.27,0,4/7/25 4:59
26.08,0,4/7/25 5:59
23.22,0,4/7/25 6:59
21.92,0,4/7/25 7:59
23.99,0,4/7/25 8:59
23.61,0,4/7/25 9:59
26.15,0,4/7/25 10:59
25.53,0,4/7/25 11:59
22.78,0,4/7/25 12:59
21.68,0,4/7/25 13:59
20.69,0,4/7/25 14:59
17.76,0,4/7/25 15:59
16.36,0,4/7/25 16:59
13.3,0,4/7/25 17:59
13.1,0,4/7/25 18:59
11.62,0,4/7/25 19:59
11.79,0,4/7/25 20:59
12.32,0,4/7/25 21:59
14.72,0,4/7/25 22:59
20.76,0,4/7/25 23:59
23.24,0,4/8/25 0:59
17.96,0,4/8/25 1:59
15.06,0,4/8/25 2:59
9.79,0,4/8/25 3:59
11.03,0,4/8/25 4:59
9.57,0,4/8/25 5:59
7.65,0,4/8/25 6:59
6.04,0,4/8/25 7:59
5.61,0,4/8/25 8:59
5.85,0,4/8/25 9:59
7.26,0,4/8/25 10:59
7.32,0,4/8/25 11:59
5.09,0,4/8/25 12:59
7.24,0,4/8/25 13:59
9.18,0,4/8/25 14:59
9.73,0,4/8/25 15:59
8.93,0,4/8/25 16:59
7.7,0,4/8/25 17:59
6.54,0,4/8/25 18:59
5.79,0,4/8/25 19:59
5.66,0,4/8/25 20:59
7.84,0,4/8/25 21:59
10,0,4/8/25 22:59
17.49,0,4/8/25 23:59
22.7,0,4/9/25 0:59
16.69,0,4/9/25 1:59
15.79,0,4/9/25 2:59
13.61,0,4/9/25 3:59
10.2,0,4/9/25 4:59
11.47,0,4/9/25 5:59
11.53,0,4/9/25 6:59
11.31,0,4/9/25 7:59
11.16,0,4/9/25 8:59
11.91,0,4/9/25 9:59
16.37,0,4/9/25 10:59
28.13,0,4/9/25 11:59
19.6,0,4/9/25 12:59
18.01,0,4/9/25 13:59
18.25,0,4/9/25 14:59
17.71,0,4/9/25 15:59
17.55,0,4/9/25 16:59
16.33,0,4/9/25 17:59
17.75,0,4/9/25 18:59
18.84,0,4/9/25 19:59
15.32,0,4/9/25 20:59
17.49,0,4/9/25 21:59
23.43,0,4/9/25 22:59
36.82,0,4/9/25 23:59
37.59,0,4/10/25 0:59
25.7,0,4/10/25 1:59
18.95,0,4/10/25 2:59
17.53,0,4/10/25 3:59
12.1,0,4/10/25 4:59
11.39,0,4/10/25 5:59
11.37,0,4/10/25 6:59
10.93,0,4/10/25 7:59
10.16,0,4/10/25 8:59
13.15,0,4/10/25 9:59
21.63,0,4/10/25 10:59
29.2,0,4/10/25 11:59
28.67,0,4/10/25 12:59
27.74,0,4/10/25 13:59
28.7,0,4/10/25 14:59
28.86,0,4/10/25 15:59
29.66,0,4/10/25 16:59
30.63,0,4/10/25 17:59
29.62,0,4/10/25 18:59
29.22,0,4/10/25 19:59
29.94,0,4/10/25 20:59
35.37,0,4/10/25 21:59
33.07,0,4/10/25 22:59
37.1,0,4/10/25 23:59
42.95,0,4/11/25 0:59
34,0,4/11/25 1:59
29.52,0,4/11/25 2:59
23.44,0,4/11/25 3:59
18.34,0,4/11/25 4:59
17.75,0,4/11/25 5:59
15.31,0,4/11/25 6:59
14.34,0,4/11/25 7:59
16.7,0,4/11/25 8:59
19.06,0,4/11/25 9:59
26.81,0,4/11/25 10:59
33.64,0,4/11/25 11:59
29.72,0,4/11/25 12:59
30.92,0,4/11/25 13:59
29.53,0,4/11/25 14:59
27.94,0,4/11/25 15:59
28.06,0,4/11/25 16:59
27.19,0,4/11/25 17:59
25.86,0,4/11/25 18:59
25.73,0,4/11/25 19:59
24.18,0,4/11/25 20:59
23.23,0,4/11/25 21:59
21.8,0,4/11/25 22:59
21.71,0,4/11/25 23:59
20.85,0,4/12/25 0:59
13.24,0,4/12/25 1:59
8.02,0,4/12/25 2:59
3.84,0,4/12/25 3:59
10.32,0,4/12/25 4:59
9.24,0,4/12/25 5:59
7.2,0,4/12/25 6:59
5.2,0,4/12/25 7:59
4.44,0,4/12/25 8:59
2.65,0,4/12/25 9:59
8.09,0,4/12/25 10:59
15.06,0,4/12/25 11:59
17.25,0,4/12/25 12:59
20.55,0,4/12/25 13:59
17.62,0,4/12/25 14:59
15.16,0,4/12/25 15:59
13.87,0,4/12/25 16:59
12.66,0,4/12/25 17:59
10.51,0,4/12/25 18:59
6.74,0,4/12/25 19:59
4.1,0,4/12/25 20:59
5.89,0,4/12/25 21:59
8.24,0,4/12/25 22:59
13.3,0,4/12/25 23:59
22.97,0,4/13/25 0:59
15.83,0,4/13/25 1:59
10.16,0,4/13/25 2:59
7.78,0,4/13/25 3:59
9.1,0,4/13/25 4:59
8.82,0,4/13/25 5:59
8.19,0,4/13/25 6:59
7.65,0,4/13/25 7:59
8.26,0,4/13/25 8:59
7.51,0,4/13/25 9:59
14.06,0,4/13/25 10:59
19.31,0,4/13/25 11:59
17.04,0,4/13/25 12:59
16.15,0,4/13/25 13:59
15.94,0,4/13/25 14:59
14.55,0,4/13/25 15:59
14.16,0,4/13/25 16:59
14.06,0,4/13/25 17:59
15.2,0,4/13/25 18:59
15.7,0,4/13/25 19:59
17.03,0,4/13/25 20:59
17.88,0,4/13/25 21:59
19.34,0,4/13/25 22:59
26.31,0,4/13/25 23:59
34.04,0,4/14/25 0:59
31.11,0,4/14/25 1:59
28.72,0,4/14/25 2:59
23.36,0,4/14/25 3:59
16.62,0,4/14/25 4:59
17.97,0,4/14/25 5:59
14.75,0,4/14/25 6:59
14.68,0,4/14/25 7:59
17.54,0,4/14/25 8:59
20.08,0,4/14/25 9:59
23.86,0,4/14/25 10:59
21.67,0,4/14/25 11:59
18.91,0,4/14/25 12:59
18.56,0,4/14/25 13:59
19.3,0,4/14/25 14:59
17.19,0,4/14/25 15:59
14.31,0,4/14/25 16:59
12.84,0,4/14/25 17:59
9.33,0,4/14/25 18:59
8.39,0,4/14/25 19:59
8.27,0,4/14/25 20:59
7.8,0,4/14/25 21:59
9.5,0,4/14/25 22:59
22.3,0,4/14/25 23:59
14.31,0,4/15/25 0:59
8.02,0,4/15/25 1:59
4.61,0,4/15/25 2:59
1.42,0,4/15/25 3:59
1.16,0,4/15/25 4:59
1.67,0,4/15/25 5:59
0.71,0,4/15/25 6:59
0.15,0,4/15/25 7:59
0.86,0,4/15/25 8:59
0.49,0,4/15/25 9:59
3.51,0,4/15/25 10:59
1.74,0,4/15/25 11:59
3.16,0,4/15/25 12:59
7.63,0,4/15/25 13:59
10.03,0,4/15/25 14:59
14.13,0,4/15/25 15:59
15.09,0,4/15/25 16:59
18.12,0,4/15/25 17:59
19.9,0,4/15/25 18:59
21.19,0,4/15/25 19:59
22.82,0,4/15/25 20:59
31.11,0,4/15/25 21:59
36.04,0,4/15/25 22:59
43.22,0,4/15/25 23:59
45.06,0,4/16/25 0:59
34.12,0,4/16/25 1:59
29.49,0,4/16/25 2:59
24.18,0,4/16/25 3:59
16.42,0,4/16/25 4:59
14.72,0,4/16/25 5:59
11.21,0,4/16/25 6:59
10.16,0,4/16/25 7:59
11.9,0,4/16/25 8:59
16.28,0,4/16/25 9:59
23.82,0,4/16/25 10:59
24.87,0,4/16/25 11:59
23.67,0,4/16/25 12:59
23.7,0,4/16/25 13:59
25.42,0,4/16/25 14:59
28.08,0,4/16/25 15:59
29.91,0,4/16/25 16:59
30.59,0,4/16/25 17:59
29.63,0,4/16/25 18:59
30.53,0,4/16/25 19:59
32.33,0,4/16/25 20:59
42.53,0,4/16/25 21:59
44.28,0,4/16/25 22:59
43.44,0,4/16/25 23:59
39.54,0,4/17/25 0:59
13.34,0,4/17/25 1:59
5.37,0,4/17/25 2:59
-0.39,0,4/17/25 3:59
0.4,0,4/17/25 4:59
-0.04,0,4/17/25 5:59
-0.66,0,4/17/25 6:59
-0.22,0,4/17/25 7:59
0.6,0,4/17/25 8:59
1.24,0,4/17/25 9:59
6.15,0,4/17/25 10:59
6.68,0,4/17/25 11:59
6.27,0,4/17/25 12:59
8.1,0,4/17/25 13:59
8.02,0,4/17/25 14:59
8.03,0,4/17/25 15:59
6.71,0,4/17/25 16:59
7.33,0,4/17/25 17:59
6.35,0,4/17/25 18:59
5.79,0,4/17/25 19:59
6.84,0,4/17/25 20:59
11.47,0,4/17/25 21:59
12.14,0,4/17/25 22:59
19.38,0,4/17/25 23:59
17.2,0,4/18/25 0:59
3.33,0,4/18/25 1:59
2.51,0,4/18/25 2:59
-0.05,0,4/18/25 3:59
5.14,0,4/18/25 4:59
6.5,0,4/18/25 5:59
4.06,0,4/18/25 6:59
2.45,0,4/18/25 7:59
1.68,0,4/18/25 8:59
4.46,0,4/18/25 9:59
9.41,0,4/18/25 10:59
12.4,0,4/18/25 11:59
11.1,0,4/18/25 12:59
10.56,0,4/18/25 13:59
11.76,0,4/18/25 14:59
13.04,0,4/18/25 15:59
12.6,0,4/18/25 16:59
13,0,4/18/25 17:59
13.43,0,4/18/25 18:59
14.67,0,4/18/25 19:59
16.48,0,4/18/25 20:59
20.16,0,4/18/25 21:59
23.15,0,4/18/25 22:59
27.86,0,4/18/25 23:59
33.06,0,4/19/25 0:59
28.1,0,4/19/25 1:59
24.21,0,4/19/25 2:59
19.72,0,4/19/25 3:59
19.93,0,4/19/25 4:59
20.68,0,4/19/25 5:59
17.16,0,4/19/25 6:59
15.75,0,4/19/25 7:59
18.4,0,4/19/25 8:59
20.53,0,4/19/25 9:59
32.72,0,4/19/25 10:59
27.9,0,4/19/25 11:59
23.56,0,4/19/25 12:59
26.03,0,4/19/25 13:59
27.75,0,4/19/25 14:59
31.27,0,4/19/25 15:59
30.71,0,4/19/25 16:59
29.23,0,4/19/25 17:59
26.83,0,4/19/25 18:59
27.11,0,4/19/25 19:59
28.29,0,4/19/25 20:59
33.9,0,4/19/25 21:59
40.08,0,4/19/25 22:59
41.31,0,4/19/25 23:59
32.57,0,4/20/25 0:59
18.84,0,4/20/25 1:59
17.83,0,4/20/25 2:59
12.48,0,4/20/25 3:59
11.22,0,4/20/25 4:59
13.59,0,4/20/25 5:59
10.47,0,4/20/25 6:59
10.76,0,4/20/25 7:59
10.59,0,4/20/25 8:59
9.69,0,4/20/25 9:59
16.27,0,4/20/25 10:59
21.42,0,4/20/25 11:59
25.08,0,4/20/25 12:59
22.53,0,4/20/25 13:59
20.35,0,4/20/25 14:59
18.74,0,4/20/25 15:59
17.48,0,4/20/25 16:59
17.34,0,4/20/25 17:59
15.33,0,4/20/25 18:59
14.17,0,4/20/25 19:59
14.21,0,4/20/25 20:59
16.82,0,4/20/25 21:59
19.76,0,4/20/25 22:59
26.87,0,4/20/25 23:59
32.89,0,4/21/25 0:59
23.52,0,4/21/25 1:59
19.36,0,4/21/25 2:59
17.81,0,4/21/25 3:59
14.57,0,4/21/25 4:59
15.02,0,4/21/25 5:59
12.72,0,4/21/25 6:59
13.12,0,4/21/25 7:59
13.61,0,4/21/25 8:59
13.69,0,4/21/25 9:59
17.26,0,4/21/25 10:59
18.95,0,4/21/25 11:59
18.5,0,4/21/25 12:59
17.51,0,4/21/25 13:59
14.94,0,4/21/25 14:59
13.4,0,4/21/25 15:59
9.92,0,4/21/25 16:59
9.02,0,4/21/25 17:59
8.57,0,4/21/25 18:59
7.35,0,4/21/25 19:59
8.16,0,4/21/25 20:59
8.44,0,4/21/25 21:59
18.05,0,4/21/25 22:59
23.23,0,4/21/25 23:59
34.59,0,4/22/25 0:59
29.08,0,4/22/25 1:59
26.61,0,4/22/25 2:59
23.43,0,4/22/25 3:59
15.89,0,4/22/25 4:59
16.71,0,4/22/25 5:59
15.73,0,4/22/25 6:59
16.25,0,4/22/25 7:59
14.85,0,4/22/25 8:59
14.12,0,4/22/25 9:59
16.25,0,4/22/25 10:59
16.78,0,4/22/25 11:59
16.84,0,4/22/25 12:59
17.56,0,4/22/25 13:59
17.19,0,4/22/25 14:59
16.15,0,4/22/25 15:59
14.96,0,4/22/25 16:59
12.93,0,4/22/25 17:59
9.58,0,4/22/25 18:59
9.25,0,4/22/25 19:59
9.4,0,4/22/25 20:59
10.19,0,4/22/25 21:59
15.16,0,4/22/25 22:59
28.83,0,4/22/25 23:59
38.84,0,4/23/25 0:59
29.25,0,4/23/25 1:59
22.72,0,4/23/25 2:59
18.23,0,4/23/25 3:59
9.96,0,4/23/25 4:59
10.02,0,4/23/25 5:59
6.73,0,4/23/25 6:59
0.68,0,4/23/25 7:59
1.02,0,4/23/25 8:59
9.67,0,4/23/25 9:59
33.93,0,4/23/25 10:59
33.91,0,4/23/25 11:59
19.61,0,4/23/25 12:59
18.29,0,4/23/25 13:59
16.55,0,4/23/25 14:59
12.17,0,4/23/25 15:59
9.98,0,4/23/25 16:59
8.43,0,4/23/25 17:59
8.18,0,4/23/25 18:59
5.02,0,4/23/25 19:59
3.01,0,4/23/25 20:59
2.01,0,4/23/25 21:59
9.82,0,4/23/25 22:59
22.44,0,4/23/25 23:59
26.41,0,4/24/25 0:59
0.87,0,4/24/25 1:59
-0.01,0,4/24/25 2:59
-3.79,0,4/24/25 3:59
0.74,0,4/24/25 4:59
-0.25,0,4/24/25 5:59
-2.19,0,4/24/25 6:59
-2.74,0,4/24/25 7:59
-2.45,0,4/24/25 8:59
-1.82,0,4/24/25 9:59
9.11,0,4/24/25 10:59
11.1,0,4/24/25 11:59
10.66,0,4/24/25 12:59
12.91,0,4/24/25 13:59
13.81,0,4/24/25 14:59
13.07,0,4/24/25 15:59
12.61,0,4/24/25 16:59
12.18,0,4/24/25 17:59
11.47,0,4/24/25 18:59
11.17,0,4/24/25 19:59
11.06,0,4/24/25 20:59
12.05,0,4/24/25 21:59
16.96,0,4/24/25 22:59
22.74,0,4/24/25 23:59
31.9,0,4/25/25 0:59
24.14,0,4/25/25 1:59
18.52,0,4/25/25 2:59
15.62,0,4/25/25 3:59
12.75,0,4/25/25 4:59
13.61,0,4/25/25 5:59
12.37,0,4/25/25 6:59
12.45,0,4/25/25 7:59
13.48,0,4/25/25 8:59
16.72,0,4/25/25 9:59
29.69,0,4/25/25 10:59
29.74,0,4/25/25 11:59
31.61,0,4/25/25 12:59
28.51,0,4/25/25 13:59
28.88,0,4/25/25 14:59
27.91,0,4/25/25 15:59
27.24,0,4/25/25 16:59
25.01,0,4/25/25 17:59
23.41,0,4/25/25 18:59
23.81,0,4/25/25 19:59
23.58,0,4/25/25 20:59
25.19,0,4/25/25 21:59
27.95,0,4/25/25 22:59
36.52,0,4/25/25 23:59
46.8,0,4/26/25 0:59
36.84,0,4/26/25 1:59
28.36,0,4/26/25 2:59
24.41,0,4/26/25 3:59
15.09,0,4/26/25 4:59
14.14,0,4/26/25 5:59
11.71,0,4/26/25 6:59
12.14,0,4/26/25 7:59
11.9,0,4/26/25 8:59
17.85,0,4/26/25 9:59
30.19,0,4/26/25 10:59
30.52,0,4/26/25 11:59
22.76,0,4/26/25 12:59
21.96,0,4/26/25 13:59
21.23,0,4/26/25 14:59
19.69,0,4/26/25 15:59
19.71,0,4/26/25 16:59
19.35,0,4/26/25 17:59
17.29,0,4/26/25 18:59
16.93,0,4/26/25 19:59
16.28,0,4/26/25 20:59
16.73,0,4/26/25 21:59
17.55,0,4/26/25 22:59
22.01,0,4/26/25 23:59
27.86,0,4/27/25 0:59
18.13,0,4/27/25 1:59
10.27,0,4/27/25 2:59
2.15,0,4/27/25 3:59
1.07,0,4/27/25 4:59
0.86,0,4/27/25 5:59
0.32,0,4/27/25 6:59
0.79,0,4/27/25 7:59
0.62,0,4/27/25 8:59
2.02,0,4/27/25 9:59
10.1,0,4/27/25 10:59
15.81,0,4/27/25 11:59
14.72,0,4/27/25 12:59
14.46,0,4/27/25 13:59
13.8,0,4/27/25 14:59
12.99,0,4/27/25 15:59
13.17,0,4/27/25 16:59
12.58,0,4/27/25 17:59
11.86,0,4/27/25 18:59
11.65,0,4/27/25 19:59
10.94,0,4/27/25 20:59
11.48,0,4/27/25 21:59
11.01,0,4/27/25 22:59
13.88,0,4/27/25 23:59
15.21,0,4/28/25 0:59
13.74,0,4/28/25 1:59
11.02,0,4/28/25 2:59
8.3,0,4/28/25 3:59
7.01,0,4/28/25 4:59
8.17,0,4/28/25 5:59
7.04,0,4/28/25 6:59
5.57,0,4/28/25 7:59
5.08,0,4/28/25 8:59
6.76,0,4/28/25 9:59
9.5,0,4/28/25 10:59
9.45,0,4/28/25 11:59
10.77,0,4/28/25 12:59
10.82,0,4/28/25 13:59
12.02,0,4/28/25 14:59
12.42,0,4/28/25 15:59
13.51,0,4/28/25 16:59
12.76,0,4/28/25 17:59
12.98,0,4/28/25 18:59
13.35,0,4/28/25 19:59
14.49,0,4/28/25 20:59
17.58,0,4/28/25 21:59
18.46,0,4/28/25 22:59
22.06,0,4/28/25 23:59
26.01,0,4/29/25 0:59
22.14,0,4/29/25 1:59
17.14,0,4/29/25 2:59
12.37,0,4/29/25 3:59
8.12,0,4/29/25 4:59
6.72,0,4/29/25 5:59
5.79,0,4/29/25 6:59
5.34,0,4/29/25 7:59
3.59,0,4/29/25 8:59
4.82,0,4/29/25 9:59
7.46,0,4/29/25 10:59
5.65,0,4/29/25 11:59
7.21,0,4/29/25 12:59
6.5,0,4/29/25 13:59
5.5,0,4/29/25 14:59
7.13,0,4/29/25 15:59
8.16,0,4/29/25 16:59
10.38,0,4/29/25 17:59
10.35,0,4/29/25 18:59
11.28,0,4/29/25 19:59
13.83,0,4/29/25 20:59
17.4,0,4/29/25 21:59
20.48,0,4/29/25 22:59
25.76,0,4/29/25 23:59
25.76,0,4/30/25 0:59
21.44,0,4/30/25 1:59
15.89,0,4/30/25 2:59
12.64,0,4/30/25 3:59
3.37,0,4/30/25 4:59
2.6,0,4/30/25 5:59
4.97,0,4/30/25 6:59
4.81,0,4/30/25 7:59
5.04,0,4/30/25 8:59
7.6,0,4/30/25 9:59
12.51,0,4/30/25 10:59
14.85,0,4/30/25 11:59
16.96,0,4/30/25 12:59
16.32,0,4/30/25 13:59
15.81,0,4/30/25 14:59
16.62,0,4/30/25 15:59
15.74,0,4/30/25 16:59
13.8,0,4/30/25 17:59
11.53,0,4/30/25 18:59
15.1,0,4/30/25 19:59
15.84,0,4/30/25 20:59
21.17,0,4/30/25 21:59
27.44,0,4/30/25 22:59
34.56,0,4/30/25 23:59
37.06,0,5/1/25 0:59
31.61,0,5/1/25 1:59
23.01,0,5/1/25 2:59
22.8,0,5/1/25 3:59
19.58,0,5/1/25 4:59
20.01,0,5/1/25 5:59
15.86,0,5/1/25 6:59
15.49,0,5/1/25 7:59
15.85,0,5/1/25 8:59
19.53,0,5/1/25 9:59
32.13,0,5/1/25 10:59
23.55,0,5/1/25 11:59
21.27,0,5/1/25 12:59
22.27,0,5/1/25 13:59
23.66,0,5/1/25 14:59
22.73,0,5/1/25 15:59
24.23,0,5/1/25 16:59
24.79,0,5/1/25 17:59
23.97,0,5/1/25 18:59
25.78,0,5/1/25 19:59
27.62,0,5/1/25 20:59
30.98,0,5/1/25 21:59
33.77,0,5/1/25 22:59
35.94,0,5/1/25 23:59
34.42,0,5/2/25 0:59
27.07,0,5/2/25 1:59
18.97,0,5/2/25 2:59
14.42,0,5/2/25 3:59
6.29,0,5/2/25 4:59
4.99,0,5/2/25 5:59
1.87,0,5/2/25 6:59
1.43,0,5/2/25 7:59
3.91,0,5/2/25 8:59
7.89,0,5/2/25 9:59
17.07,0,5/2/25 10:59
20.77,0,5/2/25 11:59
20.17,0,5/2/25 12:59
20.65,0,5/2/25 13:59
21.13,0,5/2/25 14:59
21.3,0,5/2/25 15:59
20.93,0,5/2/25 16:59
23.01,0,5/2/25 17:59
25.65,0,5/2/25 18:59
27.72,0,5/2/25 19:59
32.06,0,5/2/25 20:59
36.82,0,5/2/25 21:59
42.85,0,5/2/25 22:59
45.98,0,5/2/25 23:59
45.19,0,5/3/25 0:59
32.64,0,5/3/25 1:59
22.5,0,5/3/25 2:59
20.43,0,5/3/25 3:59
19.53,0,5/3/25 4:59
15.01,0,5/3/25 5:59
11.98,0,5/3/25 6:59
10.09,0,5/3/25 7:59
9.62,0,5/3/25 8:59
10.5,0,5/3/25 9:59
15.69,0,5/3/25 10:59
18.32,0,5/3/25 11:59
12.44,0,5/3/25 12:59
14.22,0,5/3/25 13:59
18.86,0,5/3/25 14:59
19.08,0,5/3/25 15:59
18.99,0,5/3/25 16:59
16.36,0,5/3/25 17:59
17.31,0,5/3/25 18:59
19.91,0,5/3/25 19:59
21.46,0,5/3/25 20:59
28.24,0,5/3/25 21:59
36.3,0,5/3/25 22:59
39.56,0,5/3/25 23:59
38.72,0,5/4/25 0:59
41.11,0,5/4/25 1:59
30.84,0,5/4/25 2:59
25.29,0,5/4/25 3:59
23.62,0,5/4/25 4:59
20.88,0,5/4/25 5:59
17.7,0,5/4/25 6:59
16.68,0,5/4/25 7:59
16.62,0,5/4/25 8:59
19.02,0,5/4/25 9:59
26.15,0,5/4/25 10:59
27.04,0,5/4/25 11:59
27.33,0,5/4/25 12:59
30.63,0,5/4/25 13:59
32.05,0,5/4/25 14:59
32.04,0,5/4/25 15:59
33.88,0,5/4/25 16:59
35.71,0,5/4/25 17:59
35.41,0,5/4/25 18:59
33.94,0,5/4/25 19:59
35.22,0,5/4/25 20:59
35.37,0,5/4/25 21:59
32.79,0,5/4/25 22:59
33.98,0,5/4/25 23:59
33.59,0,5/5/25 0:59
28.25,0,5/5/25 1:59
24.74,0,5/5/25 2:59
20.74,0,5/5/25 3:59
18.65,0,5/5/25 4:59
16.3,0,5/5/25 5:59
12.97,0,5/5/25 6:59
11.9,0,5/5/25 7:59
11.19,0,5/5/25 8:59
12.48,0,5/5/25 9:59
14.48,0,5/5/25 10:59
17.44,0,5/5/25 11:59
24.53,0,5/5/25 12:59
25.6,0,5/5/25 13:59
25.22,0,5/5/25 14:59
25.89,0,5/5/25 15:59
25.3,0,5/5/25 16:59
23.92,0,5/5/25 17:59
24.46,0,5/5/25 18:59
25.83,0,5/5/25 19:59
27.32,0,5/5/25 20:59
32.08,0,5/5/25 21:59
33.09,0,5/5/25 22:59
35.07,0,5/5/25 23:59
35.53,0,5/6/25 0:59
30.23,0,5/6/25 1:59
24.88,0,5/6/25 2:59
21.36,0,5/6/25 3:59
16.36,0,5/6/25 4:59
14.81,0,5/6/25 5:59
12.02,0,5/6/25 6:59
9.93,0,5/6/25 7:59
9.94,0,5/6/25 8:59
10.61,0,5/6/25 9:59
11.16,0,5/6/25 10:59
12.49,0,5/6/25 11:59
17.89,0,5/6/25 12:59
21.61,0,5/6/25 13:59
21.77,0,5/6/25 14:59
22.62,0,5/6/25 15:59
24.34,0,5/6/25 16:59
23.15,0,5/6/25 17:59
23.79,0,5/6/25 18:59
24.96,0,5/6/25 19:59
26.68,0,5/6/25 20:59
29.07,0,5/6/25 21:59
31.56,0,5/6/25 22:59
33.55,0,5/6/25 23:59
36.33,0,5/7/25 0:59
31.66,0,5/7/25 1:59
23.22,0,5/7/25 2:59
18.63,0,5/7/25 3:59
10.33,0,5/7/25 4:59
9.35,0,5/7/25 5:59
7.25,0,5/7/25 6:59
7.74,0,5/7/25 7:59
8.18,0,5/7/25 8:59
12.23,0,5/7/25 9:59
19.85,0,5/7/25 10:59
26.95,0,5/7/25 11:59
26.54,0,5/7/25 12:59
26.89,0,5/7/25 13:59
30.78,0,5/7/25 14:59
32.47,0,5/7/25 15:59
34.22,0,5/7/25 16:59
30.49,0,5/7/25 17:59
27.32,0,5/7/25 18:59
27.67,0,5/7/25 19:59
30.73,0,5/7/25 20:59
37.4,0,5/7/25 21:59
34.24,0,5/7/25 22:59
31.46,0,5/7/25 23:59
33.31,0,5/8/25 0:59
28.71,0,5/8/25 1:59
18.82,0,5/8/25 2:59
14.46,0,5/8/25 3:59
11.82,0,5/8/25 4:59
12.45,0,5/8/25 5:59
9.16,0,5/8/25 6:59
7.44,0,5/8/25 7:59
7.66,0,5/8/25 8:59
10.27,0,5/8/25 9:59
15.61,0,5/8/25 10:59
18.34,0,5/8/25 11:59
17.86,0,5/8/25 12:59
19.19,0,5/8/25 13:59
22.16,0,5/8/25 14:59
22.9,0,5/8/25 15:59
23.59,0,5/8/25 16:59
23.81,0,5/8/25 17:59
23.07,0,5/8/25 18:59
25.49,0,5/8/25 19:59
32.51,0,5/8/25 20:59
41.56,0,5/8/25 21:59
45.29,0,5/8/25 22:59
45.07,0,5/8/25 23:59
46.69,0,5/9/25 0:59
40.83,0,5/9/25 1:59
27.91,0,5/9/25 2:59
23.57,0,5/9/25 3:59
19.44,0,5/9/25 4:59
20.2,0,5/9/25 5:59
16.31,0,5/9/25 6:59
15.11,0,5/9/25 7:59
15.96,0,5/9/25 8:59
20.4,0,5/9/25 9:59
23.99,0,5/9/25 10:59
25.4,0,5/9/25 11:59
25.59,0,5/9/25 12:59
27.75,0,5/9/25 13:59
29.54,0,5/9/25 14:59
33.55,0,5/9/25 15:59
35,0,5/9/25 16:59
40.24,0,5/9/25 17:59
44.92,0,5/9/25 18:59
48.77,0,5/9/25 19:59
51.23,0,5/9/25 20:59
63.12,0,5/9/25 21:59
55.57,0,5/9/25 22:59
46.76,0,5/9/25 23:59
37.51,0,5/10/25 0:59
32.12,0,5/10/25 1:59
23.46,0,5/10/25 2:59
16.89,0,5/10/25 3:59
15.44,0,5/10/25 4:59
14.59,0,5/10/25 5:59
12.44,0,5/10/25 6:59
11.95,0,5/10/25 7:59
13.59,0,5/10/25 8:59
16.59,0,5/10/25 9:59
21.37,0,5/10/25 10:59
25.8,0,5/10/25 11:59
28.48,0,5/10/25 12:59
29.59,0,5/10/25 13:59
28.44,0,5/10/25 14:59
27.45,0,5/10/25 15:59
24.19,0,5/10/25 16:59
23.14,0,5/10/25 17:59
22.18,0,5/10/25 18:59
23.1,0,5/10/25 19:59
23.89,0,5/10/25 20:59
24.99,0,5/10/25 21:59
27.24,0,5/10/25 22:59
30.31,0,5/10/25 23:59
32.79,0,5/11/25 0:59
28.77,0,5/11/25 1:59
25.29,0,5/11/25 2:59
20.32,0,5/11/25 3:59
16.91,0,5/11/25 4:59
18.02,0,5/11/25 5:59
14.48,0,5/11/25 6:59
13.42,0,5/11/25 7:59
14.7,0,5/11/25 8:59
17.72,0,5/11/25 9:59
22.53,0,5/11/25 10:59
25.93,0,5/11/25 11:59
26.73,0,5/11/25 12:59
27.23,0,5/11/25 13:59
27.46,0,5/11/25 14:59
26.22,0,5/11/25 15:59
25.87,0,5/11/25 16:59
24.55,0,5/11/25 17:59
20.8,0,5/11/25 18:59
20.42,0,5/11/25 19:59
18.84,0,5/11/25 20:59
18.12,0,5/11/25 21:59
18.51,0,5/11/25 22:59
21.61,0,5/11/25 23:59
26.64,0,5/12/25 0:59
25.32,0,5/12/25 1:59
21.02,0,5/12/25 2:59
15.91,0,5/12/25 3:59
17.16,0,5/12/25 4:59
16.68,0,5/12/25 5:59
14.65,0,5/12/25 6:59
14.37,0,5/12/25 7:59
14.22,0,5/12/25 8:59
13.18,0,5/12/25 9:59
12.35,0,5/12/25 10:59
14.23,0,5/12/25 11:59
16.91,0,5/12/25 12:59
16.96,0,5/12/25 13:59
15.07,0,5/12/25 14:59
13.22,0,5/12/25 15:59
11.37,0,5/12/25 16:59
10.91,0,5/12/25 17:59
11.4,0,5/12/25 18:59
11.33,0,5/12/25 19:59
12.4,0,5/12/25 20:59
13.97,0,5/12/25 21:59
17.99,0,5/12/25 22:59
23.21,0,5/12/25 23:59
34.73,0,5/13/25 0:59
29.34,0,5/13/25 1:59
22.37,0,5/13/25 2:59
18.21,0,5/13/25 3:59
15.65,0,5/13/25 4:59
14.09,0,5/13/25 5:59
13.18,0,5/13/25 6:59
13.76,0,5/13/25 7:59
11.25,0,5/13/25 8:59
11.8,0,5/13/25 9:59
12.14,0,5/13/25 10:59
12.4,0,5/13/25 11:59
13.5,0,5/13/25 12:59
13.71,0,5/13/25 13:59
14.3,0,5/13/25 14:59
14.45,0,5/13/25 15:59
13.86,0,5/13/25 16:59
13.48,0,5/13/25 17:59
12.98,0,5/13/25 18:59
14.61,0,5/13/25 19:59
16.32,0,5/13/25 20:59
18.29,0,5/13/25 21:59
22.36,0,5/13/25 22:59
29.56,0,5/13/25 23:59
32.63,0,5/14/25 0:59
22.3,0,5/14/25 1:59
15.44,0,5/14/25 2:59
14.85,0,5/14/25 3:59
10.1,0,5/14/25 4:59
11.08,0,5/14/25 5:59
10.38,0,5/14/25 6:59
10.28,0,5/14/25 7:59
11.59,0,5/14/25 8:59
17.5,0,5/14/25 9:59
29.15,0,5/14/25 10:59
24.52,0,5/14/25 11:59
22.06,0,5/14/25 12:59
23.6,0,5/14/25 13:59
24.57,0,5/14/25 14:59
24.4,0,5/14/25 15:59
27.24,0,5/14/25 16:59
26.29,0,5/14/25 17:59
28.12,0,5/14/25 18:59
29,0,5/14/25 19:59
32.5,0,5/14/25 20:59
38.04,0,5/14/25 21:59
44.42,0,5/14/25 22:59
46.27,0,5/14/25 23:59
46.86,0,5/15/25 0:59
41.21,0,5/15/25 1:59
32.42,0,5/15/25 2:59
22.77,0,5/15/25 3:59
24.05,0,5/15/25 4:59
21.23,0,5/15/25 5:59
17.6,0,5/15/25 6:59
17.45,0,5/15/25 7:59
18.01,0,5/15/25 8:59
24.22,0,5/15/25 9:59
27.57,0,5/15/25 10:59
34.24,0,5/15/25 11:59
36.81,0,5/15/25 12:59
36.14,0,5/15/25 13:59
36.03,0,5/15/25 14:59
37.88,0,5/15/25 15:59
35.69,0,5/15/25 16:59
35.46,0,5/15/25 17:59
31.44,0,5/15/25 18:59
30.28,0,5/15/25 19:59
32.35,0,5/15/25 20:59
32.19,0,5/15/25 21:59
27.7,0,5/15/25 22:59
25.23,0,5/15/25 23:59
33.14,0,5/16/25 0:59
32.11,0,5/16/25 1:59
23.63,0,5/16/25 2:59
17.92,0,5/16/25 3:59
20.62,0,5/16/25 4:59
21.28,0,5/16/25 5:59
15.29,0,5/16/25 6:59
14.01,0,5/16/25 7:59
16.61,0,5/16/25 8:59
22,0,5/16/25 9:59
24.93,0,5/16/25 10:59
30.97,0,5/16/25 11:59
33.2,0,5/16/25 12:59
37.08,0,5/16/25 13:59
39.18,0,5/16/25 14:59
37.07,0,5/16/25 15:59
34.19,0,5/16/25 16:59
36.54,0,5/16/25 17:59
35.62,0,5/16/25 18:59
36.24,0,5/16/25 19:59
35.84,0,5/16/25 20:59
38.45,0,5/16/25 21:59
37.74,0,5/16/25 22:59
37.24,0,5/16/25 23:59
43.82,0,5/17/25 0:59
38.72,0,5/17/25 1:59
34,0,5/17/25 2:59
25.74,0,5/17/25 3:59
24.83,0,5/17/25 4:59
23.34,0,5/17/25 5:59
20.55,0,5/17/25 6:59
20.15,0,5/17/25 7:59
22.32,0,5/17/25 8:59
28.67,0,5/17/25 9:59
34.3,0,5/17/25 10:59
35.08,0,5/17/25 11:59
35.33,0,5/17/25 12:59
34.46,0,5/17/25 13:59
33.92,0,5/17/25 14:59
34.01,0,5/17/25 15:59
36.6,0,5/17/25 16:59
39.15,0,5/17/25 17:59
40,0,5/17/25 18:59
42.26,0,5/17/25 19:59
42.56,0,5/17/25 20:59
49.64,0,5/17/25 21:59
59.22,0,5/17/25 22:59
58.76,0,5/17/25 23:59
63.07,0,5/18/25 0:59
52.42,0,5/18/25 1:59
40.78,0,5/18/25 2:59
30.17,0,5/18/25 3:59
26.04,0,5/18/25 4:59
24.74,0,5/18/25 5:59
20.02,0,5/18/25 6:59
19.01,0,5/18/25 7:59
20.14,0,5/18/25 8:59
25.58,0,5/18/25 9:59
27.72,0,5/18/25 10:59
27.74,0,5/18/25 11:59
31.02,0,5/18/25 12:59
30.53,0,5/18/25 13:59
30.41,0,5/18/25 14:59
30.42,0,5/18/25 15:59
32.22,0,5/18/25 16:59
32.95,0,5/18/25 17:59
35.46,0,5/18/25 18:59
33.67,0,5/18/25 19:59
35.9,0,5/18/25 20:59
38.6,0,5/18/25 21:59
35.78,0,5/18/25 22:59
35.1,0,5/18/25 23:59
40.8,0,5/19/25 0:59
36.11,0,5/19/25 1:59
28.97,0,5/19/25 2:59
25.13,0,5/19/25 3:59
23.13,0,5/19/25 4:59
20.79,0,5/19/25 5:59
17.31,0,5/19/25 6:59
16.75,0,5/19/25 7:59
16.97,0,5/19/25 8:59
17.72,0,5/19/25 9:59
19.2,0,5/19/25 10:59
20.3,0,5/19/25 11:59
25.07,0,5/19/25 12:59
28.05,0,5/19/25 13:59
30.2,0,5/19/25 14:59
30.68,0,5/19/25 15:59
32.26,0,5/19/25 16:59
33.73,0,5/19/25 17:59
35.74,0,5/19/25 18:59
39.46,0,5/19/25 19:59
41.43,0,5/19/25 20:59
44.23,0,5/19/25 21:59
45.89,0,5/19/25 22:59
46.26,0,5/19/25 23:59
42.34,0,5/20/25 0:59
39.51,0,5/20/25 1:59
30.77,0,5/20/25 2:59
25.12,0,5/20/25 3:59
22.78,0,5/20/25 4:59
20.98,0,5/20/25 5:59
17,0,5/20/25 6:59
16.36,0,5/20/25 7:59
15.71,0,5/20/25 8:59
16.19,0,5/20/25 9:59
15.58,0,5/20/25 10:59
16.72,0,5/20/25 11:59
20.23,0,5/20/25 12:59
22.24,0,5/20/25 13:59
25.83,0,5/20/25 14:59
26.67,0,5/20/25 15:59
28.35,0,5/20/25 16:59
30.73,0,5/20/25 17:59
34.13,0,5/20/25 18:59
39.52,0,5/20/25 19:59
44.16,0,5/20/25 20:59
50.5,0,5/20/25 21:59
54.5,0,5/20/25 22:59
53.38,0,5/20/25 23:59
43.1,0,5/21/25 0:59
37.09,0,5/21/25 1:59
27.24,0,5/21/25 2:59
19.28,0,5/21/25 3:59
18.08,0,5/21/25 4:59
11.66,0,5/21/25 5:59
7.91,0,5/21/25 6:59
7,0,5/21/25 7:59
9.77,0,5/21/25 8:59
14.67,0,5/21/25 9:59
19.56,0,5/21/25 10:59
19.1,0,5/21/25 11:59
20.76,0,5/21/25 12:59
23.37,0,5/21/25 13:59
24.97,0,5/21/25 14:59
28.09,0,5/21/25 15:59
33.58,0,5/21/25 16:59
32.12,0,5/21/25 17:59
28.18,0,5/21/25 18:59
24.77,0,5/21/25 19:59
46.92,0,5/21/25 20:59
61.71,0,5/21/25 21:59
68.56,0,5/21/25 22:59
68.73,0,5/21/25 23:59
57.1,0,5/22/25 0:59
45.51,0,5/22/25 1:59
35.55,0,5/22/25 2:59
30.27,0,5/22/25 3:59
23.07,0,5/22/25 4:59
17.34,0,5/22/25 5:59
13.72,0,5/22/25 6:59
13.17,0,5/22/25 7:59
12.88,0,5/22/25 8:59
18.17,0,5/22/25 9:59
22.17,0,5/22/25 10:59
22.23,0,5/22/25 11:59
24.02,0,5/22/25 12:59
25.56,0,5/22/25 13:59
28.04,0,5/22/25 14:59
26.02,0,5/22/25 15:59
32.07,0,5/22/25 16:59
37.73,0,5/22/25 17:59
33.35,0,5/22/25 18:59
41.09,0,5/22/25 19:59
53.87,0,5/22/25 20:59
63.48,0,5/22/25 21:59
59.18,0,5/22/25 22:59
53.21,0,5/22/25 23:59
51.07,0,5/23/25 0:59
40.31,0,5/23/25 1:59
30.43,0,5/23/25 2:59
22.88,0,5/23/25 3:59
10.59,0,5/23/25 4:59
12.19,0,5/23/25 5:59
10.32,0,5/23/25 6:59
10.41,0,5/23/25 7:59
9.22,0,5/23/25 8:59
10.4,0,5/23/25 9:59
15.58,0,5/23/25 10:59
18.33,0,5/23/25 11:59
23.17,0,5/23/25 12:59
26.23,0,5/23/25 13:59
27.6,0,5/23/25 14:59
29.56,0,5/23/25 15:59
29.8,0,5/23/25 16:59
33.81,0,5/23/25 17:59
33.45,0,5/23/25 18:59
40.23,0,5/23/25 19:59
44.11,0,5/23/25 20:59
66.38,0,5/23/25 21:59
53.67,0,5/23/25 22:59
52.22,0,5/23/25 23:59
48.34,0,5/24/25 0:59
45.46,0,5/24/25 1:59
37.19,0,5/24/25 2:59
30.5,0,5/24/25 3:59
18.95,0,5/24/25 4:59
13.46,0,5/24/25 5:59
15.17,0,5/24/25 6:59
15.01,0,5/24/25 7:59
14.66,0,5/24/25 8:59
17.64,0,5/24/25 9:59
11.25,0,5/24/25 10:59
16.13,0,5/24/25 11:59
20.34,0,5/24/25 12:59
27.19,0,5/24/25 13:59
32.97,0,5/24/25 14:59
33.52,0,5/24/25 15:59
39.81,0,5/24/25 16:59
39.77,0,5/24/25 17:59
38.27,0,5/24/25 18:59
40.03,0,5/24/25 19:59
49.76,0,5/24/25 20:59
50.76,0,5/24/25 21:59
39.6,0,5/24/25 22:59
37.89,0,5/24/25 23:59
40.99,0,5/25/25 0:59
38.79,0,5/25/25 1:59
29.84,0,5/25/25 2:59
27.58,0,5/25/25 3:59
17.83,0,5/25/25 4:59
15.32,0,5/25/25 5:59
13.58,0,5/25/25 6:59
12.2,0,5/25/25 7:59
10.83,0,5/25/25 8:59
13.08,0,5/25/25 9:59
14.44,0,5/25/25 10:59
15.91,0,5/25/25 11:59
16.85,0,5/25/25 12:59
20.08,0,5/25/25 13:59
22.06,0,5/25/25 14:59
22.4,0,5/25/25 15:59
21.52,0,5/25/25 16:59
22.78,0,5/25/25 17:59
21.32,0,5/25/25 18:59
21.84,0,5/25/25 19:59
32.44,0,5/25/25 20:59
37.24,0,5/25/25 21:59
36.86,0,5/25/25 22:59
29.23,0,5/25/25 23:59
28.4,0,5/26/25 0:59
32.73,0,5/26/25 1:59
28.96,0,5/26/25 2:59
22.71,0,5/26/25 3:59
22.23,0,5/26/25 4:59
19.44,0,5/26/25 5:59
16.55,0,5/26/25 6:59
16.69,0,5/26/25 7:59
13.66,0,5/26/25 8:59
13.66,0,5/26/25 9:59
9.61,0,5/26/25 10:59
12.08,0,5/26/25 11:59
13.14,0,5/26/25 12:59
21.23,0,5/26/25 13:59
24.54,0,5/26/25 14:59
27.9,0,5/26/25 15:59
29.19,0,5/26/25 16:59
30.07,0,5/26/25 17:59
29.07,0,5/26/25 18:59
32.43,0,5/26/25 19:59
38.89,0,5/26/25 20:59
43.13,0,5/26/25 21:59
40.76,0,5/26/25 22:59
41.95,0,5/26/25 23:59
17.27,0,5/27/25 0:59
17.74,0,5/27/25 1:59
16.23,0,5/27/25 2:59
12.64,0,5/27/25 3:59
1.61,0,5/27/25 4:59
7.88,0,5/27/25 5:59
8.55,0,5/27/25 6:59
6.96,0,5/27/25 7:59
5.03,0,5/27/25 8:59
0.47,0,5/27/25 9:59
-1.26,0,5/27/25 10:59
-4.32,0,5/27/25 11:59
-9.61,0,5/27/25 12:59
4,0,5/27/25 13:59
6.42,0,5/27/25 14:59
8.14,0,5/27/25 15:59
10.09,0,5/27/25 16:59
10.65,0,5/27/25 17:59
10.39,0,5/27/25 18:59
11.22,0,5/27/25 19:59
14.82,0,5/27/25 20:59
9.21,0,5/27/25 21:59
13.07,0,5/27/25 22:59
17.23,0,5/27/25 23:59
9.58,0,5/28/25 0:59
22.35,0,5/28/25 1:59
19.19,0,5/28/25 2:59
15.53,0,5/28/25 3:59
11.94,0,5/28/25 4:59
11.36,0,5/28/25 5:59
13.74,0,5/28/25 6:59
11.27,0,5/28/25 7:59
10.56,0,5/28/25 8:59
6.31,0,5/28/25 9:59
6.34,0,5/28/25 10:59
4.29,0,5/28/25 11:59
1.86,0,5/28/25 12:59
13.8,0,5/28/25 13:59
14.06,0,5/28/25 14:59
11.53,0,5/28/25 15:59
14.51,0,5/28/25 16:59
13.1,0,5/28/25 17:59
13.61,0,5/28/25 18:59
11.96,0,5/28/25 19:59
13.22,0,5/28/25 20:59
12.35,0,5/28/25 21:59
12.1,0,5/28/25 22:59
19.8,0,5/28/25 23:59
15.76,0,5/29/25 0:59
25.84,0,5/29/25 1:59
17.12,0,5/29/25 2:59
14.24,0,5/29/25 3:59
11.12,0,5/29/25 4:59
11.48,0,5/29/25 5:59
11.05,0,5/29/25 6:59
10.55,0,5/29/25 7:59
10.75,0,5/29/25 8:59
16.19,0,5/29/25 9:59
11.88,0,5/29/25 10:59
17.74,0,5/29/25 11:59
22.1,0,5/29/25 12:59
26.44,0,5/29/25 13:59
26.53,0,5/29/25 14:59
25.65,0,5/29/25 15:59
27.75,0,5/29/25 16:59
23.8,0,5/29/25 17:59
23.49,0,5/29/25 18:59
21.48,0,5/29/25 19:59
22.37,0,5/29/25 20:59
26.82,0,5/29/25 21:59
25.64,0,5/29/25 22:59
32.8,0,5/29/25 23:59
26.74,0,5/30/25 0:59
28.91,0,5/30/25 1:59
23.3,0,5/30/25 2:59
20.33,0,5/30/25 3:59
20.15,0,5/30/25 4:59
15.76,0,5/30/25 5:59
15.01,0,5/30/25 6:59
13.49,0,5/30/25 7:59
14.38,0,5/30/25 8:59
18.7,0,5/30/25 9:59
22.03,0,5/30/25 10:59
20.54,0,5/30/25 11:59
22.5,0,5/30/25 12:59
23.78,0,5/30/25 13:59
24.25,0,5/30/25 14:59
23.63,0,5/30/25 15:59
23.46,0,5/30/25 16:59
24.84,0,5/30/25 17:59
25.85,0,5/30/25 18:59
25.57,0,5/30/25 19:59
26.47,0,5/30/25 20:59
27.32,0,5/30/25 21:59
24.08,0,5/30/25 22:59
30.19,0,5/30/25 23:59
28.26,0,5/31/25 0:59
24.09,0,5/31/25 1:59
17.87,0,5/31/25 2:59
15.37,0,5/31/25 3:59
12.76,0,5/31/25 4:59
11.45,0,5/31/25 5:59
9.26,0,5/31/25 6:59
8.31,0,5/31/25 7:59
9.05,0,5/31/25 8:59
12.74,0,5/31/25 9:59
14.22,0,5/31/25 10:59
13.72,0,5/31/25 11:59
15.39,0,5/31/25 12:59
17.24,0,5/31/25 13:59
16,0,5/31/25 14:59
17.95,0,5/31/25 15:59
20.17,0,5/31/25 16:59
21.53,0,5/31/25 17:59
21.78,0,5/31/25 18:59
23.72,0,5/31/25 19:59
24.85,0,5/31/25 20:59
24.56,0,5/31/25 21:59
25.77,0,5/31/25 22:59
28.64,0,5/31/25 23:59
24.28,0,6/1/25 0:59
21,0,6/1/25 1:59
16.29,0,6/1/25 2:59
11.16,0,6/1/25 3:59
9.14,0,6/1/25 4:59
9.66,0,6/1/25 5:59
7.92,0,6/1/25 6:59
7.43,0,6/1/25 7:59
8.44,0,6/1/25 8:59
11.17,0,6/1/25 9:59
11.76,0,6/1/25 10:59
14.08,0,6/1/25 11:59
15.5,0,6/1/25 12:59
15.74,0,6/1/25 13:59
16.45,0,6/1/25 14:59
18,0,6/1/25 15:59
18.95,0,6/1/25 16:59
20.48,0,6/1/25 17:59
21.53,0,6/1/25 18:59
22.72,0,6/1/25 19:59
25.28,0,6/1/25 20:59
27.28,0,6/1/25 21:59
28.76,0,6/1/25 22:59
29.95,0,6/1/25 23:59
24.56,0,6/2/25 0:59
21.29,0,6/2/25 1:59
16.32,0,6/2/25 2:59
11.24,0,6/2/25 3:59
9.39,0,6/2/25 4:59
10.12,0,6/2/25 5:59
9.01,0,6/2/25 6:59
9.75,0,6/2/25 7:59
9.61,0,6/2/25 8:59
10.23,0,6/2/25 9:59
8.26,0,6/2/25 10:59
9.62,0,6/2/25 11:59
12.05,0,6/2/25 12:59
13.01,0,6/2/25 13:59
13.38,0,6/2/25 14:59
14.47,0,6/2/25 15:59
15.64,0,6/2/25 16:59
17.59,0,6/2/25 17:59
19.04,0,6/2/25 18:59
20.31,0,6/2/25 19:59
21.57,0,6/2/25 20:59
24.06,0,6/2/25 21:59
26.51,0,6/2/25 22:59
26.71,0,6/2/25 23:59
24.44,0,6/3/25 0:59
24.91,0,6/3/25 1:59
21.75,0,6/3/25 2:59
18.63,0,6/3/25 3:59
12.47,0,6/3/25 4:59
12.58,0,6/3/25 5:59
11.23,0,6/3/25 6:59
10.41,0,6/3/25 7:59
10.13,0,6/3/25 8:59
9.95,0,6/3/25 9:59
9.06,0,6/3/25 10:59
9.29,0,6/3/25 11:59
11.36,0,6/3/25 12:59
13.21,0,6/3/25 13:59
15.18,0,6/3/25 14:59
18.73,0,6/3/25 15:59
19.75,0,6/3/25 16:59
19.58,0,6/3/25 17:59
19.59,0,6/3/25 18:59
22.76,0,6/3/25 19:59
26.23,0,6/3/25 20:59
23.94,0,6/3/25 21:59
26.39,0,6/3/25 22:59
27.43,0,6/3/25 23:59
25.91,0,6/4/25 0:59
26.05,0,6/4/25 1:59
17.05,0,6/4/25 2:59
12.02,0,6/4/25 3:59
6.82,0,6/4/25 4:59
10.29,0,6/4/25 5:59
10.03,0,6/4/25 6:59
9.39,0,6/4/25 7:59
8.39,0,6/4/25 8:59
6.54,0,6/4/25 9:59
9.85,0,6/4/25 10:59
15.42,0,6/4/25 11:59
20.38,0,6/4/25 12:59
21.27,0,6/4/25 13:59
23.68,0,6/4/25 14:59
25.81,0,6/4/25 15:59
28.61,0,6/4/25 16:59
31.65,0,6/4/25 17:59
31.96,0,6/4/25 18:59
36.34,0,6/4/25 19:59
45.89,0,6/4/25 20:59
49.41,0,6/4/25 21:59
46.65,0,6/4/25 22:59
39.83,0,6/4/25 23:59
31.89,0,6/5/25 0:59
29.54,0,6/5/25 1:59
28.31,0,6/5/25 2:59
23.51,0,6/5/25 3:59
14.08,0,6/5/25 4:59
9.17,0,6/5/25 5:59
10.68,0,6/5/25 6:59
8.61,0,6/5/25 7:59
8.17,0,6/5/25 8:59
9.77,0,6/5/25 9:59
13.9,0,6/5/25 10:59
17.2,0,6/5/25 11:59
20.15,0,6/5/25 12:59
23.51,0,6/5/25 13:59
27.99,0,6/5/25 14:59
31.02,0,6/5/25 15:59
33.34,0,6/5/25 16:59
38.06,0,6/5/25 17:59
38.07,0,6/5/25 18:59
39.4,0,6/5/25 19:59
51.72,0,6/5/25 20:59
44.07,0,6/5/25 21:59
39.88,0,6/5/25 22:59
33.54,0,6/5/25 23:59
30.66,0,6/6/25 0:59
29.05,0,6/6/25 1:59
22.75,0,6/6/25 2:59
19.87,0,6/6/25 3:59
11.27,0,6/6/25 4:59
13.84,0,6/6/25 5:59
13.56,0,6/6/25 6:59
12.29,0,6/6/25 7:59
10.87,0,6/6/25 8:59
12.76,0,6/6/25 9:59
15.96,0,6/6/25 10:59
20.66,0,6/6/25 11:59
23.92,0,6/6/25 12:59
23.89,0,6/6/25 13:59
27.09,0,6/6/25 14:59
28.24,0,6/6/25 15:59
27.32,0,6/6/25 16:59
29.93,0,6/6/25 17:59
30.71,0,6/6/25 18:59
30.44,0,6/6/25 19:59
31.15,0,6/6/25 20:59
37.41,0,6/6/25 21:59
36.26,0,6/6/25 22:59
36.21,0,6/6/25 23:59
32.89,0,6/7/25 0:59
35.59,0,6/7/25 1:59
22.26,0,6/7/25 2:59
17.18,0,6/7/25 3:59
12.1,0,6/7/25 4:59
12.78,0,6/7/25 5:59
11.33,0,6/7/25 6:59
9.86,0,6/7/25 7:59
9.65,0,6/7/25 8:59
9.49,0,6/7/25 9:59
12.46,0,6/7/25 10:59
6.87,0,6/7/25 11:59
15.77,0,6/7/25 12:59
12.94,0,6/7/25 13:59
17.81,0,6/7/25 14:59
15.88,0,6/7/25 15:59
15.1,0,6/7/25 16:59
15.18,0,6/7/25 17:59
15.8,0,6/7/25 18:59
18.37,0,6/7/25 19:59
19.69,0,6/7/25 20:59
13.63,0,6/7/25 21:59
13.61,0,6/7/25 22:59
13.07,0,6/7/25 23:59
12.55,0,6/8/25 0:59
18.64,0,6/8/25 1:59
15.63,0,6/8/25 2:59
13.89,0,6/8/25 3:59
11.07,0,6/8/25 4:59
16.02,0,6/8/25 5:59
14.52,0,6/8/25 6:59
13.27,0,6/8/25 7:59
12.29,0,6/8/25 8:59
13.22,0,6/8/25 9:59
15.46,0,6/8/25 10:59
16.88,0,6/8/25 11:59
19.08,0,6/8/25 12:59
19.06,0,6/8/25 13:59
18.06,0,6/8/25 14:59
19.78,0,6/8/25 15:59
18.15,0,6/8/25 16:59
23.17,0,6/8/25 17:59
21.44,0,6/8/25 18:59
22.42,0,6/8/25 19:59
27.84,0,6/8/25 20:59
26.54,0,6/8/25 21:59
28.94,0,6/8/25 22:59
29.81,0,6/8/25 23:59
29.01,0,6/9/25 0:59
28.17,0,6/9/25 1:59
27.15,0,6/9/25 2:59
20.59,0,6/9/25 3:59
15.82,0,6/9/25 4:59
13.7,0,6/9/25 5:59
11.85,0,6/9/25 6:59
10.82,0,6/9/25 7:59
10.31,0,6/9/25 8:59
10.54,0,6/9/25 9:59
9.1,0,6/9/25 10:59
8.55,0,6/9/25 11:59
10.81,0,6/9/25 12:59
13.04,0,6/9/25 13:59
13.52,0,6/9/25 14:59
14.85,0,6/9/25 15:59
16.24,0,6/9/25 16:59
18.05,0,6/9/25 17:59
20.14,0,6/9/25 18:59
22.83,0,6/9/25 19:59
22.88,0,6/9/25 20:59
23.59,0,6/9/25 21:59
25.93,0,6/9/25 22:59
26.33,0,6/9/25 23:59
22.32,0,6/10/25 0:59
22.32,0,6/10/25 1:59
20.19,0,6/10/25 2:59
13.5,0,6/10/25 3:59
12.64,0,6/10/25 4:59
12.23,0,6/10/25 5:59
11.63,0,6/10/25 6:59
10.05,0,6/10/25 7:59
9.7,0,6/10/25 8:59
9.38,0,6/10/25 9:59
8.81,0,6/10/25 10:59
9.83,0,6/10/25 11:59
11.32,0,6/10/25 12:59
13.92,0,6/10/25 13:59
14.49,0,6/10/25 14:59
15.12,0,6/10/25 15:59
13.35,0,6/10/25 16:59
13.87,0,6/10/25 17:59
14.23,0,6/10/25 18:59
14.04,0,6/10/25 19:59
15.49,0,6/10/25 20:59
16.61,0,6/10/25 21:59
11.72,0,6/10/25 22:59
11.74,0,6/10/25 23:59
14.93,0,6/11/25 0:59
18.53,0,6/11/25 1:59
15.43,0,6/11/25 2:59
13.74,0,6/11/25 3:59
11.25,0,6/11/25 4:59
9.74,0,6/11/25 5:59
9.18,0,6/11/25 6:59
8.57,0,6/11/25 7:59
9.5,0,6/11/25 8:59
12.14,0,6/11/25 9:59
15.11,0,6/11/25 10:59
17.6,0,6/11/25 11:59
16.47,0,6/11/25 12:59
16.93,0,6/11/25 13:59
18.17,0,6/11/25 14:59
19.17,0,6/11/25 15:59
20.61,0,6/11/25 16:59
21.85,0,6/11/25 17:59
21.79,0,6/11/25 18:59
22.56,0,6/11/25 19:59
23.23,0,6/11/25 20:59
23.91,0,6/11/25 21:59
22.48,0,6/11/25 22:59
25.23,0,6/11/25 23:59
23.55,0,6/12/25 0:59
24.01,0,6/12/25 1:59
19.76,0,6/12/25 2:59
13.88,0,6/12/25 3:59
12.52,0,6/12/25 4:59
11.5,0,6/12/25 5:59
8.53,0,6/12/25 6:59
7.74,0,6/12/25 7:59
7.97,0,6/12/25 8:59
11.94,0,6/12/25 9:59
12.05,0,6/12/25 10:59
12.48,0,6/12/25 11:59
13.18,0,6/12/25 12:59
14.27,0,6/12/25 13:59
15.29,0,6/12/25 14:59
16.61,0,6/12/25 15:59
18.16,0,6/12/25 16:59
19.24,0,6/12/25 17:59
20.62,0,6/12/25 18:59
22.69,0,6/12/25 19:59
24.78,0,6/12/25 20:59
26.71,0,6/12/25 21:59
27.59,0,6/12/25 22:59
27.05,0,6/12/25 23:59
24.33,0,6/13/25 0:59
23.68,0,6/13/25 1:59
20.24,0,6/13/25 2:59
13.38,0,6/13/25 3:59
9.81,0,6/13/25 4:59
7.74,0,6/13/25 5:59
6.79,0,6/13/25 6:59
6.12,0,6/13/25 7:59
5.11,0,6/13/25 8:59
5.65,0,6/13/25 9:59
7.94,0,6/13/25 10:59
12.01,0,6/13/25 11:59
14.3,0,6/13/25 12:59
15.95,0,6/13/25 13:59
17.95,0,6/13/25 14:59
22.48,0,6/13/25 15:59
24.43,0,6/13/25 16:59
26.34,0,6/13/25 17:59
26.35,0,6/13/25 18:59
29.54,0,6/13/25 19:59
34.36,0,6/13/25 20:59
40.74,0,6/13/25 21:59
41.49,0,6/13/25 22:59
38.02,0,6/13/25 23:59
32.44,0,6/14/25 0:59
27.42,0,6/14/25 1:59
20.69,0,6/14/25 2:59
13.82,0,6/14/25 3:59
12.64,0,6/14/25 4:59
11.62,0,6/14/25 5:59
11.34,0,6/14/25 6:59
10.49,0,6/14/25 7:59
9.66,0,6/14/25 8:59
9.61,0,6/14/25 9:59
11.7,0,6/14/25 10:59
12.66,0,6/14/25 11:59
17.43,0,6/14/25 12:59
20.33,0,6/14/25 13:59
23.33,0,6/14/25 14:59
26.32,0,6/14/25 15:59
31.39,0,6/14/25 16:59
30.97,0,6/14/25 17:59
35.31,0,6/14/25 18:59
43.72,0,6/14/25 19:59
51.47,0,6/14/25 20:59
53.53,0,6/14/25 21:59
51.19,0,6/14/25 22:59
46.61,0,6/14/25 23:59
34.86,0,6/15/25 0:59
32.76,0,6/15/25 1:59
26.01,0,6/15/25 2:59
19.56,0,6/15/25 3:59
19.89,0,6/15/25 4:59
17.72,0,6/15/25 5:59
15.54,0,6/15/25 6:59
14.26,0,6/15/25 7:59
13.61,0,6/15/25 8:59
16.11,0,6/15/25 9:59
18.62,0,6/15/25 10:59
20.11,0,6/15/25 11:59
21.54,0,6/15/25 12:59
25.63,0,6/15/25 13:59
27.11,0,6/15/25 14:59
31.89,0,6/15/25 15:59
33.15,0,6/15/25 16:59
34.98,0,6/15/25 17:59
36.52,0,6/15/25 18:59
40.07,0,6/15/25 19:59
40.47,0,6/15/25 20:59
41.29,0,6/15/25 21:59
36.19,0,6/15/25 22:59
33.59,0,6/15/25 23:59
30.28,0,6/16/25 0:59
27.8,0,6/16/25 1:59
22.35,0,6/16/25 2:59
18.98,0,6/16/25 3:59
13.51,0,6/16/25 4:59
13.41,0,6/16/25 5:59
12.06,0,6/16/25 6:59
11.26,0,6/16/25 7:59
10.32,0,6/16/25 8:59
9.88,0,6/16/25 9:59
9.44,0,6/16/25 10:59
8.14,0,6/16/25 11:59
10.53,0,6/16/25 12:59
15.08,0,6/16/25 13:59
14.65,0,6/16/25 14:59
15.77,0,6/16/25 15:59
17.66,0,6/16/25 16:59
19.08,0,6/16/25 17:59
21.27,0,6/16/25 18:59
24.16,0,6/16/25 19:59
28.85,0,6/16/25 20:59
31.07,0,6/16/25 21:59
29.51,0,6/16/25 22:59
26.98,0,6/16/25 23:59
19.34,0,6/17/25 0:59
17.15,0,6/17/25 1:59
13.65,0,6/17/25 2:59
11.52,0,6/17/25 3:59
7.85,0,6/17/25 4:59
7.84,0,6/17/25 5:59
7.97,0,6/17/25 6:59
5.95,0,6/17/25 7:59
4.92,0,6/17/25 8:59
5.44,0,6/17/25 9:59
4.94,0,6/17/25 10:59
4.59,0,6/17/25 11:59
8.69,0,6/17/25 12:59
11.36,0,6/17/25 13:59
14.92,0,6/17/25 14:59
18.12,0,6/17/25 15:59
24.51,0,6/17/25 16:59
27.83,0,6/17/25 17:59
30.26,0,6/17/25 18:59
32.38,0,6/17/25 19:59
35.9,0,6/17/25 20:59
43.79,0,6/17/25 21:59
44.78,0,6/17/25 22:59
43.92,0,6/17/25 23:59
35.09,0,6/18/25 0:59
30.56,0,6/18/25 1:59
26.85,0,6/18/25 2:59
21.11,0,6/18/25 3:59
14.51,0,6/18/25 4:59
13.01,0,6/18/25 5:59
12.55,0,6/18/25 6:59
11.69,0,6/18/25 7:59
10.83,0,6/18/25 8:59
10.38,0,6/18/25 9:59
12.28,0,6/18/25 10:59
16.17,0,6/18/25 11:59
21.64,0,6/18/25 12:59
28.94,0,6/18/25 13:59
33.25,0,6/18/25 14:59
33.75,0,6/18/25 15:59
41.13,0,6/18/25 16:59
44.23,0,6/18/25 17:59
45.57,0,6/18/25 18:59
53.61,0,6/18/25 19:59
63.16,0,6/18/25 20:59
68.61,0,6/18/25 21:59
68.36,0,6/18/25 22:59
59.53,0,6/18/25 23:59
42.24,0,6/19/25 0:59
37.79,0,6/19/25 1:59
30.65,0,6/19/25 2:59
28.6,0,6/19/25 3:59
21.97,0,6/19/25 4:59
15.22,0,6/19/25 5:59
14.12,0,6/19/25 6:59
12.22,0,6/19/25 7:59
12.38,0,6/19/25 8:59
13.99,0,6/19/25 9:59
17.62,0,6/19/25 10:59
19.78,0,6/19/25 11:59
25.31,0,6/19/25 12:59
26.03,0,6/19/25 13:59
30.08,0,6/19/25 14:59
32.15,0,6/19/25 15:59
38.89,0,6/19/25 16:59
44.78,0,6/19/25 17:59
52.47,0,6/19/25 18:59
59.98,0,6/19/25 19:59
66.35,0,6/19/25 20:59
69.56,0,6/19/25 21:59
62.85,0,6/19/25 22:59
53.29,0,6/19/25 23:59
40.52,0,6/20/25 0:59
34.62,0,6/20/25 1:59
28.14,0,6/20/25 2:59
25.89,0,6/20/25 3:59
26.77,0,6/20/25 4:59
24.16,0,6/20/25 5:59
20.85,0,6/20/25 6:59
19,0,6/20/25 7:59
18.09,0,6/20/25 8:59
21.08,0,6/20/25 9:59
20.13,0,6/20/25 10:59
24.09,0,6/20/25 11:59
28.31,0,6/20/25 12:59
30.22,0,6/20/25 13:59
32.28,0,6/20/25 14:59
35.42,0,6/20/25 15:59
40.03,0,6/20/25 16:59
43.39,0,6/20/25 17:59
46.47,0,6/20/25 18:59
55.92,0,6/20/25 19:59
65.47,0,6/20/25 20:59
67.88,0,6/20/25 21:59
62.27,0,6/20/25 22:59
54.5,0,6/20/25 23:59
45.16,0,6/21/25 0:59
41.47,0,6/21/25 1:59
34.03,0,6/21/25 2:59
30.19,0,6/21/25 3:59
25.65,0,6/21/25 4:59
21.71,0,6/21/25 5:59
19.02,0,6/21/25 6:59
17.77,0,6/21/25 7:59
17.64,0,6/21/25 8:59
19.62,0,6/21/25 9:59
22.95,0,6/21/25 10:59
25.15,0,6/21/25 11:59
26.17,0,6/21/25 12:59
30.26,0,6/21/25 13:59
37.21,0,6/21/25 14:59
41.74,0,6/21/25 15:59
50.72,0,6/21/25 16:59
58.1,0,6/21/25 17:59
61.6,0,6/21/25 18:59
66.95,0,6/21/25 19:59
81.01,0,6/21/25 20:59
84.21,0,6/21/25 21:59
74.33,0,6/21/25 22:59
63.86,0,6/21/25 23:59
51.73,0,6/22/25 0:59
52.39,0,6/22/25 1:59
37.11,0,6/22/25 2:59
32.5,0,6/22/25 3:59
19.86,0,6/22/25 4:59
14.22,0,6/22/25 5:59
13.17,0,6/22/25 6:59
12.3,0,6/22/25 7:59
11.75,0,6/22/25 8:59
13.27,0,6/22/25 9:59
14.71,0,6/22/25 10:59
21.15,0,6/22/25 11:59
24.04,0,6/22/25 12:59
27.63,0,6/22/25 13:59
34.13,0,6/22/25 14:59
40.35,0,6/22/25 15:59
46.46,0,6/22/25 16:59
52.73,0,6/22/25 17:59
62.42,0,6/22/25 18:59
74.64,0,6/22/25 19:59
88.69,0,6/22/25 20:59
95.28,0,6/22/25 21:59
79.99,0,6/22/25 22:59
63.4,0,6/22/25 23:59
47.51,0,6/23/25 0:59
41.75,0,6/23/25 1:59
32.84,0,6/23/25 2:59
29.19,0,6/23/25 3:59
14.91,0,6/23/25 4:59
14.66,0,6/23/25 5:59
14.15,0,6/23/25 6:59
13.26,0,6/23/25 7:59
11.21,0,6/23/25 8:59
10.72,0,6/23/25 9:59
9.99,0,6/23/25 10:59
10.83,0,6/23/25 11:59
13.85,0,6/23/25 12:59
22.12,0,6/23/25 13:59
28.54,0,6/23/25 14:59
29.76,0,6/23/25 15:59
32.1,0,6/23/25 16:59
33.78,0,6/23/25 17:59
36.7,0,6/23/25 18:59
46.09,0,6/23/25 19:59
56.44,0,6/23/25 20:59
59.26,0,6/23/25 21:59
50.38,0,6/23/25 22:59
38.73,0,6/23/25 23:59
27.78,0,6/24/25 0:59
24.46,0,6/24/25 1:59
20.57,0,6/24/25 2:59
18.53,0,6/24/25 3:59
15.34,0,6/24/25 4:59
15.38,0,6/24/25 5:59
13.21,0,6/24/25 6:59
11.72,0,6/24/25 7:59
9.59,0,6/24/25 8:59
9.93,0,6/24/25 9:59
8.76,0,6/24/25 10:59
12.74,0,6/24/25 11:59
17.32,0,6/24/25 12:59
21.98,0,6/24/25 13:59
23.29,0,6/24/25 14:59
25.76,0,6/24/25 15:59
26.51,0,6/24/25 16:59
27.79,0,6/24/25 17:59
26.87,0,6/24/25 18:59
30.16,0,6/24/25 19:59
33.14,0,6/24/25 20:59
41.03,0,6/24/25 21:59
34.26,0,6/24/25 22:59
33.91,0,6/24/25 23:59
31.74,0,6/25/25 0:59
29.76,0,6/25/25 1:59
28.3,0,6/25/25 2:59
23.54,0,6/25/25 3:59
15.95,0,6/25/25 4:59
16.66,0,6/25/25 5:59
15.26,0,6/25/25 6:59
13.87,0,6/25/25 7:59
13.92,0,6/25/25 8:59
13.8,0,6/25/25 9:59
14.39,0,6/25/25 10:59
19.25,0,6/25/25 11:59
21.58,0,6/25/25 12:59
24.63,0,6/25/25 13:59
25.86,0,6/25/25 14:59
30.26,0,6/25/25 15:59
33.91,0,6/25/25 16:59
36.59,0,6/25/25 17:59
36.59,0,6/25/25 18:59
38.47,0,6/25/25 19:59
43.02,0,6/25/25 20:59
44.77,0,6/25/25 21:59
41.57,0,6/25/25 22:59
41.09,0,6/25/25 23:59
34.46,0,6/26/25 0:59
33.79,0,6/26/25 1:59
24.23,0,6/26/25 2:59
22.17,0,6/26/25 3:59
12.55,0,6/26/25 4:59
12.06,0,6/26/25 5:59
12.39,0,6/26/25 6:59
11.39,0,6/26/25 7:59
10.06,0,6/26/25 8:59
9.89,0,6/26/25 9:59
11.74,0,6/26/25 10:59
14.37,0,6/26/25 11:59
18.64,0,6/26/25 12:59
19.35,0,6/26/25 13:59
24.04,0,6/26/25 14:59
28.32,0,6/26/25 15:59
30.48,0,6/26/25 16:59
32.56,0,6/26/25 17:59
35.93,0,6/26/25 18:59
39.88,0,6/26/25 19:59
50.49,0,6/26/25 20:59
56.3,0,6/26/25 21:59
51.65,0,6/26/25 22:59
51.25,0,6/26/25 23:59
40.28,0,6/27/25 0:59
36.78,0,6/27/25 1:59
31.04,0,6/27/25 2:59
25.51,0,6/27/25 3:59
23.16,0,6/27/25 4:59
20.18,0,6/27/25 5:59
18.03,0,6/27/25 6:59
16.43,0,6/27/25 7:59
15.86,0,6/27/25 8:59
19.73,0,6/27/25 9:59
20.8,0,6/27/25 10:59
22.24,0,6/27/25 11:59
24.76,0,6/27/25 12:59
26.66,0,6/27/25 13:59
30.57,0,6/27/25 14:59
34.05,0,6/27/25 15:59
34.13,0,6/27/25 16:59
32.94,0,6/27/25 17:59
32.61,0,6/27/25 18:59
33.23,0,6/27/25 19:59
35.92,0,6/27/25 20:59
36.24,0,6/27/25 21:59
34.54,0,6/27/25 22:59
33.46,0,6/27/25 23:59
34.48,0,6/28/25 0:59
33.22,0,6/28/25 1:59
26.88,0,6/28/25 2:59
22.7,0,6/28/25 3:59
22.38,0,6/28/25 4:59
21.67,0,6/28/25 5:59
17.97,0,6/28/25 6:59
16.45,0,6/28/25 7:59
15.33,0,6/28/25 8:59
16.29,0,6/28/25 9:59
19.4,0,6/28/25 10:59
22.16,0,6/28/25 11:59
24.06,0,6/28/25 12:59
24.45,0,6/28/25 13:59
26.24,0,6/28/25 14:59
28.34,0,6/28/25 15:59
31.06,0,6/28/25 16:59
32.86,0,6/28/25 17:59
34.33,0,6/28/25 18:59
35.82,0,6/28/25 19:59
38.32,0,6/28/25 20:59
37.88,0,6/28/25 21:59
35.17,0,6/28/25 22:59
31.21,0,6/28/25 23:59
28.65,0,6/29/25 0:59
27.32,0,6/29/25 1:59
19.7,0,6/29/25 2:59
16.22,0,6/29/25 3:59
13.37,0,6/29/25 4:59
11.93,0,6/29/25 5:59
10.42,0,6/29/25 6:59
9.04,0,6/29/25 7:59
8.09,0,6/29/25 8:59
8.38,0,6/29/25 9:59
4.39,0,6/29/25 10:59
9.17,0,6/29/25 11:59
12.54,0,6/29/25 12:59
13.83,0,6/29/25 13:59
14.38,0,6/29/25 14:59
18.63,0,6/29/25 15:59
24.79,0,6/29/25 16:59
31,0,6/29/25 17:59
30.79,0,6/29/25 18:59
32.1,0,6/29/25 19:59
38.37,0,6/29/25 20:59
38.2,0,6/29/25 21:59
36.79,0,6/29/25 22:59
37.33,0,6/29/25 23:59
32.05,0,6/30/25 0:59
32.28,0,6/30/25 1:59
25.94,0,6/30/25 2:59
24.05,0,6/30/25 3:59
17.58,0,6/30/25 4:59
15.25,0,6/30/25 5:59
15.18,0,6/30/25 6:59
12.15,0,6/30/25 7:59
11.01,0,6/30/25 8:59
10.73,0,6/30/25 9:59
11.33,0,6/30/25 10:59
12.12,0,6/30/25 11:59
16.65,0,6/30/25 12:59
22.3,0,6/30/25 13:59
23.78,0,6/30/25 14:59
26.86,0,6/30/25 15:59
34.28,0,6/30/25 16:59
36.04,0,6/30/25 17:59
34.25,0,6/30/25 18:59
36.51,0,6/30/25 19:59
41.22,0,6/30/25 20:59
49.74,0,6/30/25 21:59
49.29,0,6/30/25 22:59
42.6,0,6/30/25 23:59
35.34,0,7/1/25 0:59
30.45,0,7/1/25 1:59
25.63,0,7/1/25 2:59
17.23,0,7/1/25 3:59
18.35,0,7/1/25 4:59
14.63,0,7/1/25 5:59
12.11,0,7/1/25 6:59
11.99,0,7/1/25 7:59
12.59,0,7/1/25 8:59
10.99,0,7/1/25 9:59
10.18,0,7/1/25 10:59
10.52,0,7/1/25 11:59
12.5,0,7/1/25 12:59
15.7,0,7/1/25 13:59
16.33,0,7/1/25 14:59
14.48,0,7/1/25 15:59
22.25,0,7/1/25 16:59
24.39,0,7/1/25 17:59
14.07,0,7/1/25 18:59
14.33,0,7/1/25 19:59
14.45,0,7/1/25 20:59
26.32,0,7/1/25 21:59
25.36,0,7/1/25 22:59
14.24,0,7/1/25 23:59
14.67,0,7/2/25 0:59
18.64,0,7/2/25 1:59
13.87,0,7/2/25 2:59
12.06,0,7/2/25 3:59
11.87,0,7/2/25 4:59
10.76,0,7/2/25 5:59
9.15,0,7/2/25 6:59
7.71,0,7/2/25 7:59
5.72,0,7/2/25 8:59
7.02,0,7/2/25 9:59
9.78,0,7/2/25 10:59
11.4,0,7/2/25 11:59
13.92,0,7/2/25 12:59
14.6,0,7/2/25 13:59
14.63,0,7/2/25 14:59
16.78,0,7/2/25 15:59
19.03,0,7/2/25 16:59
22.31,0,7/2/25 17:59
22.5,0,7/2/25 18:59
23.81,0,7/2/25 19:59
25.86,0,7/2/25 20:59
30.19,0,7/2/25 21:59
30.17,0,7/2/25 22:59
26.29,0,7/2/25 23:59
22.73,0,7/3/25 0:59
19.74,0,7/3/25 1:59
13.11,0,7/3/25 2:59
10.98,0,7/3/25 3:59
7.89,0,7/3/25 4:59
6.09,0,7/3/25 5:59
5.02,0,7/3/25 6:59
3.53,0,7/3/25 7:59
0.33,0,7/3/25 8:59
2.93,0,7/3/25 9:59
5.74,0,7/3/25 10:59
7.24,0,7/3/25 11:59
11.9,0,7/3/25 12:59
12.4,0,7/3/25 13:59
15.06,0,7/3/25 14:59
16.98,0,7/3/25 15:59
21.09,0,7/3/25 16:59
26.06,0,7/3/25 17:59
29.91,0,7/3/25 18:59
33.65,0,7/3/25 19:59
39.5,0,7/3/25 20:59
52.46,0,7/3/25 21:59
50.34,0,7/3/25 22:59
51.01,0,7/3/25 23:59
41.12,0,7/4/25 0:59
35.54,0,7/4/25 1:59
25.51,0,7/4/25 2:59
22.68,0,7/4/25 3:59
15.53,0,7/4/25 4:59
13.93,0,7/4/25 5:59
11.97,0,7/4/25 6:59
11.14,0,7/4/25 7:59
11.36,0,7/4/25 8:59
13.02,0,7/4/25 9:59
16.06,0,7/4/25 10:59
19.76,0,7/4/25 11:59
22.95,0,7/4/25 12:59
26.93,0,7/4/25 13:59
31.1,0,7/4/25 14:59
34.96,0,7/4/25 15:59
37.63,0,7/4/25 16:59
41.18,0,7/4/25 17:59
43.02,0,7/4/25 18:59
44.89,0,7/4/25 19:59
48.99,0,7/4/25 20:59
56.77,0,7/4/25 21:59
53.01,0,7/4/25 22:59
50.72,0,7/4/25 23:59
41.48,0,7/5/25 0:59
38.69,0,7/5/25 1:59
35.83,0,7/5/25 2:59
32.66,0,7/5/25 3:59
26.45,0,7/5/25 4:59
21.55,0,7/5/25 5:59
17.89,0,7/5/25 6:59
13.58,0,7/5/25 7:59
12.58,0,7/5/25 8:59
13.9,0,7/5/25 9:59
13.63,0,7/5/25 10:59
10.83,0,7/5/25 11:59
16.51,0,7/5/25 12:59
25.97,0,7/5/25 13:59
27.58,0,7/5/25 14:59
32.79,0,7/5/25 15:59
38.36,0,7/5/25 16:59
39.76,0,7/5/25 17:59
41.36,0,7/5/25 18:59
40.36,0,7/5/25 19:59
45.29,0,7/5/25 20:59
46.91,0,7/5/25 21:59
41.48,0,7/5/25 22:59
41.76,0,7/5/25 23:59
36.24,0,7/6/25 0:59
39.95,0,7/6/25 1:59
32.39,0,7/6/25 2:59
28.62,0,7/6/25 3:59
13.79,0,7/6/25 4:59
15.37,0,7/6/25 5:59
10.92,0,7/6/25 6:59
10.36,0,7/6/25 7:59
8.91,0,7/6/25 8:59
7.47,0,7/6/25 9:59
9.15,0,7/6/25 10:59
11.47,0,7/6/25 11:59
14.07,0,7/6/25 12:59
18.14,0,7/6/25 13:59
20.08,0,7/6/25 14:59
24.48,0,7/6/25 15:59
30.12,0,7/6/25 16:59
30.83,0,7/6/25 17:59
30.37,0,7/6/25 18:59
32.29,0,7/6/25 19:59
32.47,0,7/6/25 20:59
32.29,0,7/6/25 21:59
40.75,0,7/6/25 22:59
41.56,0,7/6/25 23:59
37.26,0,7/7/25 0:59
34.06,0,7/7/25 1:59
32.37,0,7/7/25 2:59
23.29,0,7/7/25 3:59
15.8,0,7/7/25 4:59
14.05,0,7/7/25 5:59
13.05,0,7/7/25 6:59
11.48,0,7/7/25 7:59
10.32,0,7/7/25 8:59
10.72,0,7/7/25 9:59
9.9,0,7/7/25 10:59
10.57,0,7/7/25 11:59
13.84,0,7/7/25 12:59
16.02,0,7/7/25 13:59
19.43,0,7/7/25 14:59
20.11,0,7/7/25 15:59
27.05,0,7/7/25 16:59
30.17,0,7/7/25 17:59
32.36,0,7/7/25 18:59
35.08,0,7/7/25 19:59
40.86,0,7/7/25 20:59
42.16,0,7/7/25 21:59
41.69,0,7/7/25 22:59
35.63,0,7/7/25 23:59
33.16,0,7/8/25 0:59
30.53,0,7/8/25 1:59
23.89,0,7/8/25 2:59
19.87,0,7/8/25 3:59
13.88,0,7/8/25 4:59
12.7,0,7/8/25 5:59
10.23,0,7/8/25 6:59
9.62,0,7/8/25 7:59
9.21,0,7/8/25 8:59
7.86,0,7/8/25 9:59
6.87,0,7/8/25 10:59
6.5,0,7/8/25 11:59
10.49,0,7/8/25 12:59
16.6,0,7/8/25 13:59
18.48,0,7/8/25 14:59
20.74,0,7/8/25 15:59
24.76,0,7/8/25 16:59
26.5,0,7/8/25 17:59
30.23,0,7/8/25 18:59
34.99,0,7/8/25 19:59
41.56,0,7/8/25 20:59
47.24,0,7/8/25 21:59
50.25,0,7/8/25 22:59
41.76,0,7/8/25 23:59
34.61,0,7/9/25 0:59
32.76,0,7/9/25 1:59
26.54,0,7/9/25 2:59
22.04,0,7/9/25 3:59
14.7,0,7/9/25 4:59
12.02,0,7/9/25 5:59
10.18,0,7/9/25 6:59
10.28,0,7/9/25 7:59
10.17,0,7/9/25 8:59
10.38,0,7/9/25 9:59
11.18,0,7/9/25 10:59
16.04,0,7/9/25 11:59
23.59,0,7/9/25 12:59
27.85,0,7/9/25 13:59
34.05,0,7/9/25 14:59
35.57,0,7/9/25 15:59
39.44,0,7/9/25 16:59
39.33,0,7/9/25 17:59
43.22,0,7/9/25 18:59
45.29,0,7/9/25 19:59
56.47,0,7/9/25 20:59
61.28,0,7/9/25 21:59
57.36,0,7/9/25 22:59
48.19,0,7/9/25 23:59
45.85,0,7/10/25 0:59
43.15,0,7/10/25 1:59
33.33,0,7/10/25 2:59
30.51,0,7/10/25 3:59
21.37,0,7/10/25 4:59
18.84,0,7/10/25 5:59
16.38,0,7/10/25 6:59
14.62,0,7/10/25 7:59
14.68,0,7/10/25 8:59
15.52,0,7/10/25 9:59
16.25,0,7/10/25 10:59
21.21,0,7/10/25 11:59
23.23,0,7/10/25 12:59
29.82,0,7/10/25 13:59
35.86,0,7/10/25 14:59
41.35,0,7/10/25 15:59
53.57,0,7/10/25 16:59
56.35,0,7/10/25 17:59
59.57,0,7/10/25 18:59
54.68,0,7/10/25 19:59
53.56,0,7/10/25 20:59
59.25,0,7/10/25 21:59
51.87,0,7/10/25 22:59
41.21,0,7/10/25 23:59
34.01,0,7/11/25 0:59
37.83,0,7/11/25 1:59
30.57,0,7/11/25 2:59
23.91,0,7/11/25 3:59
20.59,0,7/11/25 4:59
20.86,0,7/11/25 5:59
20.1,0,7/11/25 6:59
15.65,0,7/11/25 7:59
15.46,0,7/11/25 8:59
15.69,0,7/11/25 9:59
15.74,0,7/11/25 10:59
20.55,0,7/11/25 11:59
23.74,0,7/11/25 12:59
27.67,0,7/11/25 13:59
31.3,0,7/11/25 14:59
31.71,0,7/11/25 15:59
32.47,0,7/11/25 16:59
34.91,0,7/11/25 17:59
35.04,0,7/11/25 18:59
39.8,0,7/11/25 19:59
46.16,0,7/11/25 20:59
47.68,0,7/11/25 21:59
42.95,0,7/11/25 22:59
42.78,0,7/11/25 23:59
40.69,0,7/12/25 0:59
35.71,0,7/12/25 1:59
30.3,0,7/12/25 2:59
25.37,0,7/12/25 3:59
22.42,0,7/12/25 4:59
22.19,0,7/12/25 5:59
19.2,0,7/12/25 6:59
16.35,0,7/12/25 7:59
18.22,0,7/12/25 8:59
20.27,0,7/12/25 9:59
22.7,0,7/12/25 10:59
23.28,0,7/12/25 11:59
24.13,0,7/12/25 12:59
28.34,0,7/12/25 13:59
30.07,0,7/12/25 14:59
32.18,0,7/12/25 15:59
34.99,0,7/12/25 16:59
36.1,0,7/12/25 17:59
40.43,0,7/12/25 18:59
45.61,0,7/12/25 19:59
56.84,0,7/12/25 20:59
59.99,0,7/12/25 21:59
60.9,0,7/12/25 22:59
50.57,0,7/12/25 23:59
41.29,0,7/13/25 0:59
40.36,0,7/13/25 1:59
32.17,0,7/13/25 2:59
24.8,0,7/13/25 3:59
25.04,0,7/13/25 4:59
20.29,0,7/13/25 5:59
16.94,0,7/13/25 6:59
15.26,0,7/13/25 7:59
15.59,0,7/13/25 8:59
19.36,0,7/13/25 9:59
19.54,0,7/13/25 10:59
22.48,0,7/13/25 11:59
26.41,0,7/13/25 12:59
33.25,0,7/13/25 13:59
36.14,0,7/13/25 14:59
40.63,0,7/13/25 15:59
40.04,0,7/13/25 16:59
44.21,0,7/13/25 17:59
46.01,0,7/13/25 18:59
51.41,0,7/13/25 19:59
57.04,0,7/13/25 20:59
57.58,0,7/13/25 21:59
51.81,0,7/13/25 22:59
48.82,0,7/13/25 23:59
45.26,0,7/14/25 0:59
41.23,0,7/14/25 1:59
34.68,0,7/14/25 2:59
31.72,0,7/14/25 3:59
21.53,0,7/14/25 4:59
19.63,0,7/14/25 5:59
15.54,0,7/14/25 6:59
14.06,0,7/14/25 7:59
12.07,0,7/14/25 8:59
13.79,0,7/14/25 9:59
13.52,0,7/14/25 10:59
12.25,0,7/14/25 11:59
21.89,0,7/14/25 12:59
28.36,0,7/14/25 13:59
33.41,0,7/14/25 14:59
39.5,0,7/14/25 15:59
40.06,0,7/14/25 16:59
45.98,0,7/14/25 17:59
45.93,0,7/14/25 18:59
52.83,0,7/14/25 19:59
65.44,0,7/14/25 20:59
70.56,0,7/14/25 21:59
69.57,0,7/14/25 22:59
59.3,0,7/14/25 23:59
46.98,0,7/15/25 0:59
44.28,0,7/15/25 1:59
36.5,0,7/15/25 2:59
32.23,0,7/15/25 3:59
20.81,0,7/15/25 4:59
17.66,0,7/15/25 5:59
15.28,0,7/15/25 6:59
13.11,0,7/15/25 7:59
13.2,0,7/15/25 8:59
14.07,0,7/15/25 9:59
13.17,0,7/15/25 10:59
12.35,0,7/15/25 11:59
18.3,0,7/15/25 12:59
25.36,0,7/15/25 13:59
31.2,0,7/15/25 14:59
36.56,0,7/15/25 15:59
39.74,0,7/15/25 16:59
40.12,0,7/15/25 17:59
45.65,0,7/15/25 18:59
50.18,0,7/15/25 19:59
59.24,0,7/15/25 20:59
62.61,0,7/15/25 21:59
64.99,0,7/15/25 22:59
60.77,0,7/15/25 23:59
47.65,0,7/16/25 0:59
43.36,0,7/16/25 1:59
33.22,0,7/16/25 2:59
27.7,0,7/16/25 3:59
25.54,0,7/16/25 4:59
20.98,0,7/16/25 5:59
17.7,0,7/16/25 6:59
14.86,0,7/16/25 7:59
13.94,0,7/16/25 8:59
16.24,0,7/16/25 9:59
19.54,0,7/16/25 10:59
24.48,0,7/16/25 11:59
28.6,0,7/16/25 12:59
36.25,0,7/16/25 13:59
43.52,0,7/16/25 14:59
50.54,0,7/16/25 15:59
54.54,0,7/16/25 16:59
66.43,0,7/16/25 17:59
90.36,0,7/16/25 18:59
108.33,0,7/16/25 19:59
123.15,0,7/16/25 20:59
138.39,0,7/16/25 21:59
103.1,0,7/16/25 22:59
81.86,0,7/16/25 23:59
55.82,0,7/17/25 0:59
45,0,7/17/25 1:59
38.91,0,7/17/25 2:59
28.88,0,7/17/25 3:59
25.38,0,7/17/25 4:59
20.54,0,7/17/25 5:59
18.05,0,7/17/25 6:59
16.62,0,7/17/25 7:59
15.33,0,7/17/25 8:59
15.87,0,7/17/25 9:59
22.3,0,7/17/25 10:59
21.4,0,7/17/25 11:59
25.52,0,7/17/25 12:59
28.89,0,7/17/25 13:59
32.57,0,7/17/25 14:59
41.85,0,7/17/25 15:59
44.37,0,7/17/25 16:59
46.31,0,7/17/25 17:59
57.61,0,7/17/25 18:59
71.49,0,7/17/25 19:59
76.62,0,7/17/25 20:59
83.29,0,7/17/25 21:59
79.74,0,7/17/25 22:59
58.68,0,7/17/25 23:59
54.9,0,7/18/25 0:59
48.4,0,7/18/25 1:59
34.56,0,7/18/25 2:59
29.46,0,7/18/25 3:59
21.65,0,7/18/25 4:59
19.04,0,7/18/25 5:59
16.84,0,7/18/25 6:59
14.92,0,7/18/25 7:59
13.85,0,7/18/25 8:59
15.46,0,7/18/25 9:59
17.1,0,7/18/25 10:59
18.91,0,7/18/25 11:59
23.17,0,7/18/25 12:59
28.42,0,7/18/25 13:59
30.64,0,7/18/25 14:59
32.58,0,7/18/25 15:59
33.6,0,7/18/25 16:59
36.99,0,7/18/25 17:59
36.68,0,7/18/25 18:59
38.51,0,7/18/25 19:59
39.67,0,7/18/25 20:59
38.62,0,7/18/25 21:59
36.08,0,7/18/25 22:59
33.53,0,7/18/25 23:59
33.74,0,7/19/25 0:59
31.47,0,7/19/25 1:59
26.79,0,7/19/25 2:59
22.08,0,7/19/25 3:59
18.16,0,7/19/25 4:59
15.2,0,7/19/25 5:59
11.57,0,7/19/25 6:59
10.85,0,7/19/25 7:59
11.11,0,7/19/25 8:59
13.68,0,7/19/25 9:59
15.6,0,7/19/25 10:59
17.46,0,7/19/25 11:59
19.78,0,7/19/25 12:59
21.53,0,7/19/25 13:59
22.72,0,7/19/25 14:59
24.74,0,7/19/25 15:59
24.74,0,7/19/25 16:59
26.42,0,7/19/25 17:59
26.66,0,7/19/25 18:59
27.6,0,7/19/25 19:59
30.39,0,7/19/25 20:59
30.24,0,7/19/25 21:59
28.03,0,7/19/25 22:59
27.35,0,7/19/25 23:59
27.14,0,7/20/25 0:59
25.9,0,7/20/25 1:59
20.38,0,7/20/25 2:59
18.59,0,7/20/25 3:59
15.15,0,7/20/25 4:59
14.88,0,7/20/25 5:59
11.37,0,7/20/25 6:59
11.21,0,7/20/25 7:59
11.61,0,7/20/25 8:59
12.24,0,7/20/25 9:59
13.81,0,7/20/25 10:59
13.7,0,7/20/25 11:59
15.34,0,7/20/25 12:59
18.93,0,7/20/25 13:59
19.68,0,7/20/25 14:59
23.77,0,7/20/25 15:59
23.47,0,7/20/25 16:59
27.1,0,7/20/25 17:59
28.34,0,7/20/25 18:59
30.84,0,7/20/25 19:59
35.32,0,7/20/25 20:59
40.11,0,7/20/25 21:59
36.03,0,7/20/25 22:59
32.62,0,7/20/25 23:59
29.02,0,7/21/25 0:59
28.06,0,7/21/25 1:59
23.12,0,7/21/25 2:59
20.39,0,7/21/25 3:59
19.94,0,7/21/25 4:59
19.88,0,7/21/25 5:59
16.74,0,7/21/25 6:59
13.08,0,7/21/25 7:59
13.61,0,7/21/25 8:59
14.27,0,7/21/25 9:59
14.66,0,7/21/25 10:59
14.91,0,7/21/25 11:59
18.17,0,7/21/25 12:59
20.35,0,7/21/25 13:59
22.16,0,7/21/25 14:59
25.4,0,7/21/25 15:59
28.07,0,7/21/25 16:59
28.79,0,7/21/25 17:59
29.92,0,7/21/25 18:59
32.56,0,7/21/25 19:59
35.53,0,7/21/25 20:59
37.57,0,7/21/25 21:59
35.97,0,7/21/25 22:59
32.48,0,7/21/25 23:59
31.11,0,7/22/25 0:59
30.31,0,7/22/25 1:59
23.92,0,7/22/25 2:59
22.92,0,7/22/25 3:59
16.24,0,7/22/25 4:59
15.16,0,7/22/25 5:59
12.54,0,7/22/25 6:59
10.99,0,7/22/25 7:59
10.42,0,7/22/25 8:59
11.55,0,7/22/25 9:59
11.32,0,7/22/25 10:59
10.22,0,7/22/25 11:59
13.08,0,7/22/25 12:59
15.83,0,7/22/25 13:59
18.09,0,7/22/25 14:59
24.29,0,7/22/25 15:59
29.82,0,7/22/25 16:59
31.02,0,7/22/25 17:59
32.07,0,7/22/25 18:59
35.19,0,7/22/25 19:59
42.06,0,7/22/25 20:59
47.87,0,7/22/25 21:59
44.69,0,7/22/25 22:59
38.01,0,7/22/25 23:59
34.54,0,7/23/25 0:59
33.63,0,7/23/25 1:59
26.95,0,7/23/25 2:59
23.38,0,7/23/25 3:59
20.71,0,7/23/25 4:59
18.93,0,7/23/25 5:59
15.48,0,7/23/25 6:59
14.09,0,7/23/25 7:59
14.65,0,7/23/25 8:59
17.67,0,7/23/25 9:59
21.76,0,7/23/25 10:59
24.47,0,7/23/25 11:59
26.47,0,7/23/25 12:59
30.33,0,7/23/25 13:59
34.7,0,7/23/25 14:59
38,0,7/23/25 15:59
41.39,0,7/23/25 16:59
40.06,0,7/23/25 17:59
42.21,0,7/23/25 18:59
46.06,0,7/23/25 19:59
49.94,0,7/23/25 20:59
58.3,0,7/23/25 21:59
46.03,0,7/23/25 22:59
41.47,0,7/23/25 23:59
39.01,0,7/24/25 0:59
39.21,0,7/24/25 1:59
30.97,0,7/24/25 2:59
24.56,0,7/24/25 3:59
22.53,0,7/24/25 4:59
20.28,0,7/24/25 5:59
16.5,0,7/24/25 6:59
14.38,0,7/24/25 7:59
13.94,0,7/24/25 8:59
17.83,0,7/24/25 9:59
19.45,0,7/24/25 10:59
21.67,0,7/24/25 11:59
23.95,0,7/24/25 12:59
25.8,0,7/24/25 13:59
30.66,0,7/24/25 14:59
37.24,0,7/24/25 15:59
43.03,0,7/24/25 16:59
46.46,0,7/24/25 17:59
52.63,0,7/24/25 18:59
56.04,0,7/24/25 19:59
65.46,0,7/24/25 20:59
78.92,0,7/24/25 21:59
68.11,0,7/24/25 22:59
54.33,0,7/24/25 23:59
51.16,0,7/25/25 0:59
50.09,0,7/25/25 1:59
39.87,0,7/25/25 2:59
31.44,0,7/25/25 3:59
28.21,0,7/25/25 4:59
21.29,0,7/25/25 5:59
19.01,0,7/25/25 6:59
16.47,0,7/25/25 7:59
15.76,0,7/25/25 8:59
20.96,0,7/25/25 9:59
19.1,0,7/25/25 10:59
23.59,0,7/25/25 11:59
29.15,0,7/25/25 12:59
34.11,0,7/25/25 13:59
34.74,0,7/25/25 14:59
42.34,0,7/25/25 15:59
42.17,0,7/25/25 16:59
47.29,0,7/25/25 17:59
49.32,0,7/25/25 18:59
51.02,0,7/25/25 19:59
55.56,0,7/25/25 20:59
59.68,0,7/25/25 21:59
55.04,0,7/25/25 22:59
44.57,0,7/25/25 23:59
42.32,0,7/26/25 0:59
39.47,0,7/26/25 1:59
33.61,0,7/26/25 2:59
28.41,0,7/26/25 3:59
20.66,0,7/26/25 4:59
17.97,0,7/26/25 5:59
15.32,0,7/26/25 6:59
12.79,0,7/26/25 7:59
12.46,0,7/26/25 8:59
14.73,0,7/26/25 9:59
15.79,0,7/26/25 10:59
19.56,0,7/26/25 11:59
24.48,0,7/26/25 12:59
27.49,0,7/26/25 13:59
28.38,0,7/26/25 14:59
35.21,0,7/26/25 15:59
36.27,0,7/26/25 16:59
38.23,0,7/26/25 17:59
38.78,0,7/26/25 18:59
40.33,0,7/26/25 19:59
47.01,0,7/26/25 20:59
50.42,0,7/26/25 21:59
42.18,0,7/26/25 22:59
39.23,0,7/26/25 23:59
37.34,0,7/27/25 0:59
34.69,0,7/27/25 1:59
22.91,0,7/27/25 2:59
18.72,0,7/27/25 3:59
12.11,0,7/27/25 4:59
12.28,0,7/27/25 5:59
8.03,0,7/27/25 6:59
6.89,0,7/27/25 7:59
6.74,0,7/27/25 8:59
8.26,0,7/27/25 9:59
10.61,0,7/27/25 10:59
12.43,0,7/27/25 11:59
17.11,0,7/27/25 12:59
21,0,7/27/25 13:59
21.03,0,7/27/25 14:59
26.31,0,7/27/25 15:59
29.17,0,7/27/25 16:59
31.67,0,7/27/25 17:59
33.84,0,7/27/25 18:59
35.61,0,7/27/25 19:59
42.89,0,7/27/25 20:59
46.08,0,7/27/25 21:59
43.13,0,7/27/25 22:59
40.03,0,7/27/25 23:59
33.41,0,7/28/25 0:59
30.02,0,7/28/25 1:59
23.73,0,7/28/25 2:59
17.34,0,7/28/25 3:59
12.39,0,7/28/25 4:59
11.16,0,7/28/25 5:59
9.77,0,7/28/25 6:59
8.84,0,7/28/25 7:59
8.11,0,7/28/25 8:59
6.01,0,7/28/25 9:59
7,0,7/28/25 10:59
8.08,0,7/28/25 11:59
10.82,0,7/28/25 12:59
13.82,0,7/28/25 13:59
15.51,0,7/28/25 14:59
20.59,0,7/28/25 15:59
24.21,0,7/28/25 16:59
25.65,0,7/28/25 17:59
28.33,0,7/28/25 18:59
32.49,0,7/28/25 19:59
40.22,0,7/28/25 20:59
40.8,0,7/28/25 21:59
41.45,0,7/28/25 22:59
36.98,0,7/28/25 23:59
32.46,0,7/29/25 0:59
28.01,0,7/29/25 1:59
22.31,0,7/29/25 2:59
16.73,0,7/29/25 3:59
14.35,0,7/29/25 4:59
13.39,0,7/29/25 5:59
10.64,0,7/29/25 6:59
10.12,0,7/29/25 7:59
8.82,0,7/29/25 8:59
9.09,0,7/29/25 9:59
9.23,0,7/29/25 10:59
9.02,0,7/29/25 11:59
10.34,0,7/29/25 12:59
12.73,0,7/29/25 13:59
15.83,0,7/29/25 14:59
19.93,0,7/29/25 15:59
25.25,0,7/29/25 16:59
29.31,0,7/29/25 17:59
29.32,0,7/29/25 18:59
32.91,0,7/29/25 19:59
38.6,0,7/29/25 20:59
48.19,0,7/29/25 21:59
44.5,0,7/29/25 22:59
38.24,0,7/29/25 23:59
34.63,0,7/30/25 0:59
31.85,0,7/30/25 1:59
23.86,0,7/30/25 2:59
21.75,0,7/30/25 3:59
20.12,0,7/30/25 4:59
17.59,0,7/30/25 5:59
15.14,0,7/30/25 6:59
13.2,0,7/30/25 7:59
13.38,0,7/30/25 8:59
16.58,0,7/30/25 9:59
19.17,0,7/30/25 10:59
23.09,0,7/30/25 11:59
23.1,0,7/30/25 12:59
29.01,0,7/30/25 13:59
30.2,0,7/30/25 14:59
35.43,0,7/30/25 15:59
39.78,0,7/30/25 16:59
41.26,0,7/30/25 17:59
40.86,0,7/30/25 18:59
45.96,0,7/30/25 19:59
51.43,0,7/30/25 20:59
57.78,0,7/30/25 21:59
51.3,0,7/30/25 22:59
42.75,0,7/30/25 23:59
39.29,0,7/31/25 0:59
38.05,0,7/31/25 1:59
29.25,0,7/31/25 2:59
26.37,0,7/31/25 3:59
23.93,0,7/31/25 4:59
19.28,0,7/31/25 5:59
17.19,0,7/31/25 6:59
15.39,0,7/31/25 7:59
14.99,0,7/31/25 8:59
18.79,0,7/31/25 9:59
22.48,0,7/31/25 10:59
24.9,0,7/31/25 11:59
28.73,0,7/31/25 12:59
30.61,0,7/31/25 13:59
31.39,0,7/31/25 14:59
35.6,0,7/31/25 15:59
40,0,7/31/25 16:59
41.03,0,7/31/25 17:59
41.35,0,7/31/25 18:59
50.17,0,7/31/25 19:59
58.29,0,7/31/25 20:59
73.62,0,7/31/25 21:59
66.11,0,7/31/25 22:59
52.93,0,7/31/25 23:59
42.17,0,8/1/25 0:59
40.33,0,8/1/25 1:59
35.07,0,8/1/25 2:59
30.72,0,8/1/25 3:59
21.66,0,8/1/25 4:59
16.5,0,8/1/25 5:59
12.79,0,8/1/25 6:59
12.11,0,8/1/25 7:59
11.32,0,8/1/25 8:59
11.68,0,8/1/25 9:59
13.15,0,8/1/25 10:59
17.15,0,8/1/25 11:59
20.88,0,8/1/25 12:59
28.13,0,8/1/25 13:59
34.35,0,8/1/25 14:59
41.37,0,8/1/25 15:59
44.73,0,8/1/25 16:59
51.56,0,8/1/25 17:59
50.08,0,8/1/25 18:59
58.43,0,8/1/25 19:59
70.82,0,8/1/25 20:59
80.31,0,8/1/25 21:59
70.44,0,8/1/25 22:59
66.31,0,8/1/25 23:59
52.51,0,8/2/25 0:59
45.32,0,8/2/25 1:59
34.98,0,8/2/25 2:59
31.08,0,8/2/25 3:59
26.09,0,8/2/25 4:59
23.7,0,8/2/25 5:59
18.54,0,8/2/25 6:59
16.88,0,8/2/25 7:59
16.66,0,8/2/25 8:59
18.91,0,8/2/25 9:59
21.29,0,8/2/25 10:59
21.89,0,8/2/25 11:59
23.83,0,8/2/25 12:59
28.13,0,8/2/25 13:59
33.38,0,8/2/25 14:59
40.17,0,8/2/25 15:59
45.5,0,8/2/25 16:59
50.19,0,8/2/25 17:59
52.77,0,8/2/25 18:59
63.3,0,8/2/25 19:59
74.45,0,8/2/25 20:59
88.53,0,8/2/25 21:59
78.57,0,8/2/25 22:59
60.12,0,8/2/25 23:59
45.47,0,8/3/25 0:59
48.26,0,8/3/25 1:59
38.94,0,8/3/25 2:59
33.21,0,8/3/25 3:59
27.23,0,8/3/25 4:59
19.59,0,8/3/25 5:59
17.03,0,8/3/25 6:59
14.81,0,8/3/25 7:59
11.83,0,8/3/25 8:59
12.02,0,8/3/25 9:59
16.23,0,8/3/25 10:59
14.76,0,8/3/25 11:59
19.07,0,8/3/25 12:59
23.77,0,8/3/25 13:59
29.19,0,8/3/25 14:59
35.18,0,8/3/25 15:59
36.76,0,8/3/25 16:59
38.86,0,8/3/25 17:59
45.41,0,8/3/25 18:59
51.03,0,8/3/25 19:59
56.35,0,8/3/25 20:59
52.24,0,8/3/25 21:59
44.88,0,8/3/25 22:59
37.09,0,8/3/25 23:59
38.38,0,8/4/25 0:59
36.5,0,8/4/25 1:59
31.99,0,8/4/25 2:59
28.59,0,8/4/25 3:59
22.84,0,8/4/25 4:59
22.46,0,8/4/25 5:59
17.71,0,8/4/25 6:59
15,0,8/4/25 7:59
12.65,0,8/4/25 8:59
12.12,0,8/4/25 9:59
12.27,0,8/4/25 10:59
12.79,0,8/4/25 11:59
15.38,0,8/4/25 12:59
20.72,0,8/4/25 13:59
24.78,0,8/4/25 14:59
32.79,0,8/4/25 15:59
33.15,0,8/4/25 16:59
34.51,0,8/4/25 17:59
37.07,0,8/4/25 18:59
42.84,0,8/4/25 19:59
48.95,0,8/4/25 20:59
49.73,0,8/4/25 21:59
46.4,0,8/4/25 22:59
39.95,0,8/4/25 23:59
36.72,0,8/5/25 0:59
35.21,0,8/5/25 1:59
29.12,0,8/5/25 2:59
24.94,0,8/5/25 3:59
17.12,0,8/5/25 4:59
16.49,0,8/5/25 5:59
12.56,0,8/5/25 6:59
10.94,0,8/5/25 7:59
10.26,0,8/5/25 8:59
10.19,0,8/5/25 9:59
10.31,0,8/5/25 10:59
7.48,0,8/5/25 11:59
11.16,0,8/5/25 12:59
16.72,0,8/5/25 13:59
20.58,0,8/5/25 14:59
29,0,8/5/25 15:59
31.48,0,8/5/25 16:59
35.5,0,8/5/25 17:59
37.5,0,8/5/25 18:59
38.86,0,8/5/25 19:59
46.41,0,8/5/25 20:59
52.38,0,8/5/25 21:59
54.2,0,8/5/25 22:59
46.1,0,8/5/25 23:59
38.55,0,8/6/25 0:59
37.15,0,8/6/25 1:59
29.79,0,8/6/25 2:59
25.93,0,8/6/25 3:59
15.78,0,8/6/25 4:59
13.26,0,8/6/25 5:59
11.26,0,8/6/25 6:59
9.62,0,8/6/25 7:59
9.21,0,8/6/25 8:59
9.92,0,8/6/25 9:59
11.78,0,8/6/25 10:59
14.23,0,8/6/25 11:59
15.94,0,8/6/25 12:59
21.94,0,8/6/25 13:59
28.16,0,8/6/25 14:59
36.27,0,8/6/25 15:59
34.35,0,8/6/25 16:59
41.39,0,8/6/25 17:59
41.66,0,8/6/25 18:59
47.84,0,8/6/25 19:59
48.57,0,8/6/25 20:59
57.12,0,8/6/25 21:59
59.17,0,8/6/25 22:59
50.35,0,8/6/25 23:59
37.79,0,8/7/25 0:59
29.4,0,8/7/25 1:59
22.6,0,8/7/25 2:59
20.37,0,8/7/25 3:59
17.22,0,8/7/25 4:59
14.65,0,8/7/25 5:59
12.44,0,8/7/25 6:59
11.34,0,8/7/25 7:59
9.77,0,8/7/25 8:59
11.13,0,8/7/25 9:59
15.44,0,8/7/25 10:59
17.63,0,8/7/25 11:59
21.18,0,8/7/25 12:59
23.04,0,8/7/25 13:59
25.23,0,8/7/25 14:59
29.29,0,8/7/25 15:59
26.77,0,8/7/25 16:59
26.62,0,8/7/25 17:59
28.4,0,8/7/25 18:59
26.02,0,8/7/25 19:59
29.79,0,8/7/25 20:59
28.97,0,8/7/25 21:59
29.72,0,8/7/25 22:59
29.08,0,8/7/25 23:59
29.7,0,8/8/25 0:59
26.56,0,8/8/25 1:59
20.36,0,8/8/25 2:59
17.08,0,8/8/25 3:59
16.58,0,8/8/25 4:59
13.8,0,8/8/25 5:59
11.64,0,8/8/25 6:59
10.61,0,8/8/25 7:59
9.78,0,8/8/25 8:59
10.92,0,8/8/25 9:59
15.58,0,8/8/25 10:59
16.46,0,8/8/25 11:59
20.98,0,8/8/25 12:59
23.83,0,8/8/25 13:59
26.29,0,8/8/25 14:59
28.64,0,8/8/25 15:59
28.84,0,8/8/25 16:59
30.89,0,8/8/25 17:59
31.04,0,8/8/25 18:59
33.89,0,8/8/25 19:59
35.94,0,8/8/25 20:59
36.2,0,8/8/25 21:59
32.44,0,8/8/25 22:59
31.45,0,8/8/25 23:59
31.34,0,8/9/25 0:59
28.17,0,8/9/25 1:59
21.93,0,8/9/25 2:59
19.39,0,8/9/25 3:59
15.09,0,8/9/25 4:59
14.12,0,8/9/25 5:59
11.43,0,8/9/25 6:59
11.17,0,8/9/25 7:59
11.06,0,8/9/25 8:59
11.49,0,8/9/25 9:59
17.72,0,8/9/25 10:59
17.11,0,8/9/25 11:59
19.39,0,8/9/25 12:59
22.49,0,8/9/25 13:59
23.75,0,8/9/25 14:59
28.3,0,8/9/25 15:59
32.84,0,8/9/25 16:59
32.9,0,8/9/25 17:59
36.21,0,8/9/25 18:59
40.54,0,8/9/25 19:59
35.28,0,8/9/25 20:59
35.24,0,8/9/25 21:59
35.33,0,8/9/25 22:59
30.61,0,8/9/25 23:59
29.83,0,8/10/25 0:59
25.18,0,8/10/25 1:59
24.95,0,8/10/25 2:59
23.5,0,8/10/25 3:59
16.71,0,8/10/25 4:59
15.49,0,8/10/25 5:59
13.29,0,8/10/25 6:59
12.6,0,8/10/25 7:59
11.58,0,8/10/25 8:59
12.92,0,8/10/25 9:59
15.84,0,8/10/25 10:59
16.9,0,8/10/25 11:59
19.96,0,8/10/25 12:59
20.77,0,8/10/25 13:59
20.95,0,8/10/25 14:59
22.38,0,8/10/25 15:59
20.84,0,8/10/25 16:59
21.81,0,8/10/25 17:59
24.55,0,8/10/25 18:59
25.12,0,8/10/25 19:59
25.04,0,8/10/25 20:59
27.18,0,8/10/25 21:59
27.11,0,8/10/25 22:59
26.22,0,8/10/25 23:59
27.12,0,8/11/25 0:59
28.3,0,8/11/25 1:59
23.59,0,8/11/25 2:59
19.87,0,8/11/25 3:59
17.11,0,8/11/25 4:59
16.26,0,8/11/25 5:59
12.57,0,8/11/25 6:59
11.64,0,8/11/25 7:59
11.03,0,8/11/25 8:59
9.9,0,8/11/25 9:59
9.17,0,8/11/25 10:59
8.9,0,8/11/25 11:59
10.5,0,8/11/25 12:59
12.96,0,8/11/25 13:59
14.49,0,8/11/25 14:59
12.6,0,8/11/25 15:59
14.43,0,8/11/25 16:59
15.56,0,8/11/25 17:59
16.27,0,8/11/25 18:59
19.4,0,8/11/25 19:59
22,0,8/11/25 20:59
29.23,0,8/11/25 21:59
28.8,0,8/11/25 22:59
27.6,0,8/11/25 23:59
24.84,0,8/12/25 0:59
22.68,0,8/12/25 1:59
18.98,0,8/12/25 2:59
17.68,0,8/12/25 3:59
12.36,0,8/12/25 4:59
13.03,0,8/12/25 5:59
11.18,0,8/12/25 6:59
10.07,0,8/12/25 7:59
9,0,8/12/25 8:59
9.37,0,8/12/25 9:59
9.86,0,8/12/25 10:59
9.91,0,8/12/25 11:59
10.79,0,8/12/25 12:59
12.44,0,8/12/25 13:59
12.79,0,8/12/25 14:59
15.7,0,8/12/25 15:59
18.51,0,8/12/25 16:59
20.2,0,8/12/25 17:59
21.92,0,8/12/25 18:59
24.94,0,8/12/25 19:59
26.44,0,8/12/25 20:59
31.19,0,8/12/25 21:59
32.71,0,8/12/25 22:59
31.78,0,8/12/25 23:59
29.42,0,8/13/25 0:59
23.55,0,8/13/25 1:59
20.26,0,8/13/25 2:59
16.91,0,8/13/25 3:59
13.96,0,8/13/25 4:59
14.55,0,8/13/25 5:59
12.58,0,8/13/25 6:59
11.67,0,8/13/25 7:59
11.82,0,8/13/25 8:59
11.58,0,8/13/25 9:59
17.62,0,8/13/25 10:59
14.71,0,8/13/25 11:59
15.61,0,8/13/25 12:59
17.87,0,8/13/25 13:59
20.61,0,8/13/25 14:59
22.68,0,8/13/25 15:59
24.39,0,8/13/25 16:59
30.26,0,8/13/25 17:59
30.87,0,8/13/25 18:59
34.31,0,8/13/25 19:59
40.25,0,8/13/25 20:59
49.27,0,8/13/25 21:59
44.8,0,8/13/25 22:59
39.8,0,8/13/25 23:59
35.07,0,8/14/25 0:59
29.85,0,8/14/25 1:59
22.98,0,8/14/25 2:59
20.63,0,8/14/25 3:59
17.77,0,8/14/25 4:59
15.49,0,8/14/25 5:59
13.61,0,8/14/25 6:59
12.35,0,8/14/25 7:59
12.64,0,8/14/25 8:59
15.85,0,8/14/25 9:59
19.13,0,8/14/25 10:59
16.89,0,8/14/25 11:59
17.66,0,8/14/25 12:59
18.89,0,8/14/25 13:59
21.44,0,8/14/25 14:59
24.41,0,8/14/25 15:59
28.29,0,8/14/25 16:59
31.58,0,8/14/25 17:59
33.75,0,8/14/25 18:59
35.63,0,8/14/25 19:59
42.47,0,8/14/25 20:59
46.68,0,8/14/25 21:59
45.68,0,8/14/25 22:59
41.48,0,8/14/25 23:59
37.1,0,8/15/25 0:59
33.63,0,8/15/25 1:59
26.48,0,8/15/25 2:59
22.19,0,8/15/25 3:59
19.47,0,8/15/25 4:59
17.78,0,8/15/25 5:59
14.98,0,8/15/25 6:59
12.54,0,8/15/25 7:59
12.41,0,8/15/25 8:59
12.63,0,8/15/25 9:59
17.34,0,8/15/25 10:59
17.67,0,8/15/25 11:59
18.59,0,8/15/25 12:59
19.32,0,8/15/25 13:59
23.21,0,8/15/25 14:59
26.35,0,8/15/25 15:59
29.51,0,8/15/25 16:59
33.12,0,8/15/25 17:59
34.37,0,8/15/25 18:59
38.12,0,8/15/25 19:59
44.49,0,8/15/25 20:59
50.29,0,8/15/25 21:59
46.83,0,8/15/25 22:59
39.76,0,8/15/25 23:59
35.64,0,8/16/25 0:59
31.29,0,8/16/25 1:59
24.76,0,8/16/25 2:59
20.9,0,8/16/25 3:59
15.5,0,8/16/25 4:59
14.8,0,8/16/25 5:59
12.5,0,8/16/25 6:59
11.24,0,8/16/25 7:59
11.4,0,8/16/25 8:59
12.41,0,8/16/25 9:59
14.37,0,8/16/25 10:59
14.55,0,8/16/25 11:59
16.22,0,8/16/25 12:59
16.48,0,8/16/25 13:59
18.92,0,8/16/25 14:59
21.47,0,8/16/25 15:59
22.71,0,8/16/25 16:59
27.44,0,8/16/25 17:59
28.76,0,8/16/25 18:59
33.51,0,8/16/25 19:59
45.36,0,8/16/25 20:59
51.04,0,8/16/25 21:59
49.07,0,8/16/25 22:59
39.78,0,8/16/25 23:59
36.38,0,8/17/25 0:59
31.78,0,8/17/25 1:59
25.55,0,8/17/25 2:59
22.41,0,8/17/25 3:59
20.16,0,8/17/25 4:59
19.41,0,8/17/25 5:59
16.03,0,8/17/25 6:59
14.48,0,8/17/25 7:59
13.98,0,8/17/25 8:59
18.19,0,8/17/25 9:59
23,0,8/17/25 10:59
23.51,0,8/17/25 11:59
23.41,0,8/17/25 12:59
25.21,0,8/17/25 13:59
27.18,0,8/17/25 14:59
30.28,0,8/17/25 15:59
32.63,0,8/17/25 16:59
34.13,0,8/17/25 17:59
33.91,0,8/17/25 18:59
38.93,0,8/17/25 19:59
44.46,0,8/17/25 20:59
48.04,0,8/17/25 21:59
43.68,0,8/17/25 22:59
39.43,0,8/17/25 23:59
37.82,0,8/18/25 0:59
34.33,0,8/18/25 1:59
30.79,0,8/18/25 2:59
25.45,0,8/18/25 3:59
21.51,0,8/18/25 4:59
19.61,0,8/18/25 5:59
17.24,0,8/18/25 6:59
15.41,0,8/18/25 7:59
14.27,0,8/18/25 8:59
14.14,0,8/18/25 9:59
13.93,0,8/18/25 10:59
15.36,0,8/18/25 11:59
19.57,0,8/18/25 12:59
21.81,0,8/18/25 13:59
22.97,0,8/18/25 14:59
27.69,0,8/18/25 15:59
29.02,0,8/18/25 16:59
31.04,0,8/18/25 17:59
30.59,0,8/18/25 18:59
32.21,0,8/18/25 19:59
33.72,0,8/18/25 20:59
36.06,0,8/18/25 21:59
39.67,0,8/18/25 22:59
36.92,0,8/18/25 23:59
34.92,0,8/19/25 0:59
32.14,0,8/19/25 1:59
26.6,0,8/19/25 2:59
22.8,0,8/19/25 3:59
19.3,0,8/19/25 4:59
17.94,0,8/19/25 5:59
16.79,0,8/19/25 6:59
13.64,0,8/19/25 7:59
12.47,0,8/19/25 8:59
12.41,0,8/19/25 9:59
12.67,0,8/19/25 10:59
11.94,0,8/19/25 11:59
12.51,0,8/19/25 12:59
15.84,0,8/19/25 13:59
17.64,0,8/19/25 14:59
20.38,0,8/19/25 15:59
23.98,0,8/19/25 16:59
24.87,0,8/19/25 17:59
26.52,0,8/19/25 18:59
26.76,0,8/19/25 19:59
28.24,0,8/19/25 20:59
31.81,0,8/19/25 21:59
31.28,0,8/19/25 22:59
31.14,0,8/19/25 23:59
28.61,0,8/20/25 0:59
26.26,0,8/20/25 1:59
22.44,0,8/20/25 2:59
19.98,0,8/20/25 3:59
21.23,0,8/20/25 4:59
19.39,0,8/20/25 5:59
15.22,0,8/20/25 6:59
14.16,0,8/20/25 7:59
14.83,0,8/20/25 8:59
20.38,0,8/20/25 9:59
22.48,0,8/20/25 10:59
23.26,0,8/20/25 11:59
20.76,0,8/20/25 12:59
21.41,0,8/20/25 13:59
23.89,0,8/20/25 14:59
24.96,0,8/20/25 15:59
26.49,0,8/20/25 16:59
27.67,0,8/20/25 17:59
29.19,0,8/20/25 18:59
29.15,0,8/20/25 19:59
30.61,0,8/20/25 20:59
30.73,0,8/20/25 21:59
29.75,0,8/20/25 22:59
29.97,0,8/20/25 23:59
28.4,0,8/21/25 0:59
23.96,0,8/21/25 1:59
20.04,0,8/21/25 2:59
17.49,0,8/21/25 3:59
16.5,0,8/21/25 4:59
15.92,0,8/21/25 5:59
12.78,0,8/21/25 6:59
11.97,0,8/21/25 7:59
12.27,0,8/21/25 8:59
15.92,0,8/21/25 9:59
19.86,0,8/21/25 10:59
17.42,0,8/21/25 11:59
15.74,0,8/21/25 12:59
16.26,0,8/21/25 13:59
16.4,0,8/21/25 14:59
16.31,0,8/21/25 15:59
17.88,0,8/21/25 16:59
19.3,0,8/21/25 17:59
20.99,0,8/21/25 18:59
21.54,0,8/21/25 19:59
22.27,0,8/21/25 20:59
25.17,0,8/21/25 21:59
27.9,0,8/21/25 22:59
29.53,0,8/21/25 23:59
25.46,0,8/22/25 0:59
20.77,0,8/22/25 1:59
15.71,0,8/22/25 2:59
14.2,0,8/22/25 3:59
13.37,0,8/22/25 4:59
14.66,0,8/22/25 5:59
12.03,0,8/22/25 6:59
11.9,0,8/22/25 7:59
12.15,0,8/22/25 8:59
15.8,0,8/22/25 9:59
17.68,0,8/22/25 10:59
15.96,0,8/22/25 11:59
14.45,0,8/22/25 12:59
14.28,0,8/22/25 13:59
14.84,0,8/22/25 14:59
15.42,0,8/22/25 15:59
16.1,0,8/22/25 16:59
17.66,0,8/22/25 17:59
18.59,0,8/22/25 18:59
20.13,0,8/22/25 19:59
24.52,0,8/22/25 20:59
26.7,0,8/22/25 21:59
28.25,0,8/22/25 22:59
28.88,0,8/22/25 23:59
29.39,0,8/23/25 0:59
25.32,0,8/23/25 1:59
20.5,0,8/23/25 2:59
15.87,0,8/23/25 3:59
12.75,0,8/23/25 4:59
12.47,0,8/23/25 5:59
11.91,0,8/23/25 6:59
11.88,0,8/23/25 7:59
11.8,0,8/23/25 8:59
13.08,0,8/23/25 9:59
17.1,0,8/23/25 10:59
16.23,0,8/23/25 11:59
15.85,0,8/23/25 12:59
15.29,0,8/23/25 13:59
16.33,0,8/23/25 14:59
17.57,0,8/23/25 15:59
19.54,0,8/23/25 16:59
21.26,0,8/23/25 17:59
23.74,0,8/23/25 18:59
22.77,0,8/23/25 19:59
26.96,0,8/23/25 20:59
28.38,0,8/23/25 21:59
29.97,0,8/23/25 22:59
28.66,0,8/23/25 23:59
27.41,0,8/24/25 0:59
22.84,0,8/24/25 1:59
20.74,0,8/24/25 2:59
16.22,0,8/24/25 3:59
12.79,0,8/24/25 4:59
12.37,0,8/24/25 5:59
11.78,0,8/24/25 6:59
10.98,0,8/24/25 7:59
11.23,0,8/24/25 8:59
11.91,0,8/24/25 9:59
16.44,0,8/24/25 10:59
16.08,0,8/24/25 11:59
13.49,0,8/24/25 12:59
14.41,0,8/24/25 13:59
13.87,0,8/24/25 14:59
17.72,0,8/24/25 15:59
20.21,0,8/24/25 16:59
21.9,0,8/24/25 17:59
24.42,0,8/24/25 18:59
27.75,0,8/24/25 19:59
33.08,0,8/24/25 20:59
38.28,0,8/24/25 21:59
35.62,0,8/24/25 22:59
32.41,0,8/24/25 23:59
27.93,0,8/25/25 0:59
22.64,0,8/25/25 1:59
21.37,0,8/25/25 2:59
16.11,0,8/25/25 3:59
16.09,0,8/25/25 4:59
14.02,0,8/25/25 5:59
11.49,0,8/25/25 6:59
11.38,0,8/25/25 7:59
10.84,0,8/25/25 8:59
11.16,0,8/25/25 9:59
11.53,0,8/25/25 10:59
11.33,0,8/25/25 11:59
11.42,0,8/25/25 12:59
11.79,0,8/25/25 13:59
14.46,0,8/25/25 14:59
20.21,0,8/25/25 15:59
22.75,0,8/25/25 16:59
24.74,0,8/25/25 17:59
27.74,0,8/25/25 18:59
30.58,0,8/25/25 19:59
38.23,0,8/25/25 20:59
44.87,0,8/25/25 21:59
45.25,0,8/25/25 22:59
42.06,0,8/25/25 23:59
33.24,0,8/26/25 0:59
27.28,0,8/26/25 1:59
22.96,0,8/26/25 2:59
20.92,0,8/26/25 3:59
16.15,0,8/26/25 4:59
13.82,0,8/26/25 5:59
12.95,0,8/26/25 6:59
12.35,0,8/26/25 7:59
11.1,0,8/26/25 8:59
10.9,0,8/26/25 9:59
11.12,0,8/26/25 10:59
10.68,0,8/26/25 11:59
10.93,0,8/26/25 12:59
12.25,0,8/26/25 13:59
16.05,0,8/26/25 14:59
22.85,0,8/26/25 15:59
27.74,0,8/26/25 16:59
31.08,0,8/26/25 17:59
32.54,0,8/26/25 18:59
35.71,0,8/26/25 19:59
43.62,0,8/26/25 20:59
57.61,0,8/26/25 21:59
56.76,0,8/26/25 22:59
47.4,0,8/26/25 23:59
36.8,0,8/27/25 0:59
29.67,0,8/27/25 1:59
24.6,0,8/27/25 2:59
21.67,0,8/27/25 3:59
20.75,0,8/27/25 4:59
18.87,0,8/27/25 5:59
14.94,0,8/27/25 6:59
13.31,0,8/27/25 7:59
13.83,0,8/27/25 8:59
16.1,0,8/27/25 9:59
22.42,0,8/27/25 10:59
20.17,0,8/27/25 11:59
21.14,0,8/27/25 12:59
24.7,0,8/27/25 13:59
28.59,0,8/27/25 14:59
35.17,0,8/27/25 15:59
35.75,0,8/27/25 16:59
39.21,0,8/27/25 17:59
41.96,0,8/27/25 18:59
47.61,0,8/27/25 19:59
55.62,0,8/27/25 20:59
78.79,0,8/27/25 21:59
71.6,0,8/27/25 22:59
56.96,0,8/27/25 23:59
42.66,0,8/28/25 0:59
37.79,0,8/28/25 1:59
29.51,0,8/28/25 2:59
27.1,0,8/28/25 3:59
24.52,0,8/28/25 4:59
21.4,0,8/28/25 5:59
17.77,0,8/28/25 6:59
16.37,0,8/28/25 7:59
16.58,0,8/28/25 8:59
18.72,0,8/28/25 9:59
24.97,0,8/28/25 10:59
24.3,0,8/28/25 11:59
25.71,0,8/28/25 12:59
29.26,0,8/28/25 13:59
31.73,0,8/28/25 14:59
37.8,0,8/28/25 15:59
38.61,0,8/28/25 16:59
44.62,0,8/28/25 17:59
54.53,0,8/28/25 18:59
71.01,0,8/28/25 19:59
92.35,0,8/28/25 20:59
111.97,0,8/28/25 21:59
109.47,0,8/28/25 22:59
74.29,0,8/28/25 23:59
50.61,0,8/29/25 0:59
39.18,0,8/29/25 1:59
32.95,0,8/29/25 2:59
30.76,0,8/29/25 3:59
28.75,0,8/29/25 4:59
21.78,0,8/29/25 5:59
17.82,0,8/29/25 6:59
16.18,0,8/29/25 7:59
15.69,0,8/29/25 8:59
18.79,0,8/29/25 9:59
24.7,0,8/29/25 10:59
26.25,0,8/29/25 11:59
26.74,0,8/29/25 12:59
28.45,0,8/29/25 13:59
34.62,0,8/29/25 14:59
43.45,0,8/29/25 15:59
45.3,0,8/29/25 16:59
48.42,0,8/29/25 17:59
66.81,0,8/29/25 18:59
84.6,0,8/29/25 19:59
110.72,0,8/29/25 20:59
118.54,0,8/29/25 21:59
99.36,0,8/29/25 22:59
61.5,0,8/29/25 23:59
40.76,0,8/30/25 0:59
33.83,0,8/30/25 1:59
31.25,0,8/30/25 2:59
28.95,0,8/30/25 3:59
24.88,0,8/30/25 4:59
20.73,0,8/30/25 5:59
18.33,0,8/30/25 6:59
15.83,0,8/30/25 7:59
14.74,0,8/30/25 8:59
16.38,0,8/30/25 9:59
27.4,0,8/30/25 10:59
23.56,0,8/30/25 11:59
24.87,0,8/30/25 12:59
27.63,0,8/30/25 13:59
31.37,0,8/30/25 14:59
35.74,0,8/30/25 15:59
37.78,0,8/30/25 16:59
43.89,0,8/30/25 17:59
50.73,0,8/30/25 18:59
55.54,0,8/30/25 19:59
69.05,0,8/30/25 20:59
64.62,0,8/30/25 21:59
57.2,0,8/30/25 22:59
53.09,0,8/30/25 23:59
47.8,0,8/31/25 0:59
33.24,0,8/31/25 1:59
28.32,0,8/31/25 2:59
24.41,0,8/31/25 3:59
24.32,0,8/31/25 4:59
21.58,0,8/31/25 5:59
16.87,0,8/31/25 6:59
14.12,0,8/31/25 7:59
13.96,0,8/31/25 8:59
10.79,0,8/31/25 9:59
12.08,0,8/31/25 10:59
12.15,0,8/31/25 11:59
26.25,0,8/31/25 12:59
29.75,0,8/31/25 13:59
35.57,0,8/31/25 14:59
41.06,0,8/31/25 15:59
45.42,0,8/31/25 16:59
52.13,0,8/31/25 17:59
50.02,0,8/31/25 18:59
55.19,0,8/31/25 19:59
62.93,0,8/31/25 20:59
64.15,0,8/31/25 21:59
61.35,0,8/31/25 22:59
58.21,0,8/31/25 23:59
45.85,0,9/1/25 0:59
36.16,0,9/1/25 1:59
31.94,0,9/1/25 2:59
26.21,0,9/1/25 3:59
22.11,0,9/1/25 4:59
21.58,0,9/1/25 5:59
18.07,0,9/1/25 6:59
15.09,0,9/1/25 7:59
13.82,0,9/1/25 8:59
9.95,0,9/1/25 9:59
9.65,0,9/1/25 10:59
10.24,0,9/1/25 11:59
18.19,0,9/1/25 12:59
21.34,0,9/1/25 13:59
25.46,0,9/1/25 14:59
29.53,0,9/1/25 15:59
32.19,0,9/1/25 16:59
32.31,0,9/1/25 17:59
32.13,0,9/1/25 18:59
34.73,0,9/1/25 19:59
38.6,0,9/1/25 20:59
44.51,0,9/1/25 21:59
42.65,0,9/1/25 22:59
34.96,0,9/1/25 23:59
30.27,0,9/2/25 0:59
27.18,0,9/2/25 1:59
24.49,0,9/2/25 2:59
21.29,0,9/2/25 3:59
15.66,0,9/2/25 4:59
15.45,0,9/2/25 5:59
13.35,0,9/2/25 6:59
10.87,0,9/2/25 7:59
10.47,0,9/2/25 8:59
8.37,0,9/2/25 9:59
8.9,0,9/2/25 10:59
8.81,0,9/2/25 11:59
12.27,0,9/2/25 12:59
17.27,0,9/2/25 13:59
17.89,0,9/2/25 14:59
20.13,0,9/2/25 15:59
21.19,0,9/2/25 16:59
22.23,0,9/2/25 17:59
23.12,0,9/2/25 18:59
24.51,0,9/2/25 19:59
23.01,0,9/2/25 20:59
26.23,0,9/2/25 21:59
27.74,0,9/2/25 22:59
24.79,0,9/2/25 23:59
20.85,0,9/3/25 0:59
19.3,0,9/3/25 1:59
18.65,0,9/3/25 2:59
17.34,0,9/3/25 3:59
14.35,0,9/3/25 4:59
13.68,0,9/3/25 5:59
13.26,0,9/3/25 6:59
11.08,0,9/3/25 7:59
12.15,0,9/3/25 8:59
10.81,0,9/3/25 9:59
11.4,0,9/3/25 10:59
11.47,0,9/3/25 11:59
12.59,0,9/3/25 12:59
12.74,0,9/3/25 13:59
12.73,0,9/3/25 14:59
12.39,0,9/3/25 15:59
13.67,0,9/3/25 16:59
16.57,0,9/3/25 17:59
18.14,0,9/3/25 18:59
19.51,0,9/3/25 19:59
22.44,0,9/3/25 20:59
27.86,0,9/3/25 21:59
29.18,0,9/3/25 22:59
28.03,0,9/3/25 23:59
22.48,0,9/4/25 0:59
16.62,0,9/4/25 1:59
12.39,0,9/4/25 2:59
12.43,0,9/4/25 3:59
11.59,0,9/4/25 4:59
10.79,0,9/4/25 5:59
9.94,0,9/4/25 6:59
9.36,0,9/4/25 7:59
8.87,0,9/4/25 8:59
7.6,0,9/4/25 9:59
10.42,0,9/4/25 10:59
11.47,0,9/4/25 11:59
12.39,0,9/4/25 12:59
12.99,0,9/4/25 13:59
13.27,0,9/4/25 14:59
13.84,0,9/4/25 15:59
15.51,0,9/4/25 16:59
18.26,0,9/4/25 17:59
19.26,0,9/4/25 18:59
20.17,0,9/4/25 19:59
22.02,0,9/4/25 20:59
26.45,0,9/4/25 21:59
35.26,0,9/4/25 22:59
31.28,0,9/4/25 23:59
23.69,0,9/5/25 0:59
20.65,0,9/5/25 1:59
15.64,0,9/5/25 2:59
12.37,0,9/5/25 3:59
9.46,0,9/5/25 4:59
9.65,0,9/5/25 5:59
8.88,0,9/5/25 6:59
8.52,0,9/5/25 7:59
8.35,0,9/5/25 8:59
8.94,0,9/5/25 9:59
13.12,0,9/5/25 10:59
14.68,0,9/5/25 11:59
13.94,0,9/5/25 12:59
14.54,0,9/5/25 13:59
15.46,0,9/5/25 14:59
18.51,0,9/5/25 15:59
19.74,0,9/5/25 16:59
21.53,0,9/5/25 17:59
24.35,0,9/5/25 18:59
30.85,0,9/5/25 19:59
34.89,0,9/5/25 20:59
43.11,0,9/5/25 21:59
45.5,0,9/5/25 22:59
38.89,0,9/5/25 23:59
33.39,0,9/6/25 0:59
23.75,0,9/6/25 1:59
20.74,0,9/6/25 2:59
15.27,0,9/6/25 3:59
12,0,9/6/25 4:59
11.73,0,9/6/25 5:59
11.12,0,9/6/25 6:59
9.97,0,9/6/25 7:59
9.99,0,9/6/25 8:59
10.83,0,9/6/25 9:59
16.68,0,9/6/25 10:59
20.02,0,9/6/25 11:59
14.52,0,9/6/25 12:59
16.23,0,9/6/25 13:59
21.82,0,9/6/25 14:59
23.2,0,9/6/25 15:59
28.24,0,9/6/25 16:59
31.44,0,9/6/25 17:59
30.39,0,9/6/25 18:59
34.04,0,9/6/25 19:59
37.62,0,9/6/25 20:59
46.3,0,9/6/25 21:59
51.66,0,9/6/25 22:59
40.28,0,9/6/25 23:59
35.18,0,9/7/25 0:59
27.5,0,9/7/25 1:59
23.69,0,9/7/25 2:59
20.67,0,9/7/25 3:59
16.92,0,9/7/25 4:59
16.97,0,9/7/25 5:59
13.36,0,9/7/25 6:59
12.8,0,9/7/25 7:59
12.9,0,9/7/25 8:59
15.09,0,9/7/25 9:59
19.25,0,9/7/25 10:59
22.3,0,9/7/25 11:59
19.38,0,9/7/25 12:59
21.45,0,9/7/25 13:59
24.62,0,9/7/25 14:59
24.77,0,9/7/25 15:59
25.04,0,9/7/25 16:59
25.24,0,9/7/25 17:59
25.11,0,9/7/25 18:59
21.81,0,9/7/25 19:59
23.5,0,9/7/25 20:59
24.92,0,9/7/25 21:59
22.78,0,9/7/25 22:59
20.61,0,9/7/25 23:59
20.46,0,9/8/25 0:59
21.85,0,9/8/25 1:59
21.44,0,9/8/25 2:59
17.8,0,9/8/25 3:59
18.06,0,9/8/25 4:59
17.57,0,9/8/25 5:59
15.44,0,9/8/25 6:59
13.9,0,9/8/25 7:59
15.34,0,9/8/25 8:59
15.64,0,9/8/25 9:59
15.42,0,9/8/25 10:59
14.53,0,9/8/25 11:59
17.15,0,9/8/25 12:59
19.17,0,9/8/25 13:59
17.51,0,9/8/25 14:59
16.1,0,9/8/25 15:59
16.06,0,9/8/25 16:59
17.52,0,9/8/25 17:59
16.55,0,9/8/25 18:59
17.06,0,9/8/25 19:59
17.29,0,9/8/25 20:59
19.31,0,9/8/25 21:59
20.27,0,9/8/25 22:59
22.78,0,9/8/25 23:59
20.63,0,9/9/25 0:59
19.77,0,9/9/25 1:59
16.64,0,9/9/25 2:59
14.03,0,9/9/25 3:59
11.85,0,9/9/25 4:59
10.7,0,9/9/25 5:59
10.24,0,9/9/25 6:59
10.05,0,9/9/25 7:59
10.08,0,9/9/25 8:59
10.09,0,9/9/25 9:59
10.14,0,9/9/25 10:59
10.48,0,9/9/25 11:59
10.52,0,9/9/25 12:59
10.55,0,9/9/25 13:59
11.01,0,9/9/25 14:59
10.68,0,9/9/25 15:59
11.28,0,9/9/25 16:59
11.59,0,9/9/25 17:59
11.58,0,9/9/25 18:59
11.85,0,9/9/25 19:59
12.82,0,9/9/25 20:59
16.49,0,9/9/25 21:59
24.15,0,9/9/25 22:59
29.88,0,9/9/25 23:59
24.88,0,9/10/25 0:59
18.2,0,9/10/25 1:59
13.65,0,9/10/25 2:59
12.64,0,9/10/25 3:59
11.77,0,9/10/25 4:59
11.14,0,9/10/25 5:59
9.4,0,9/10/25 6:59
8.64,0,9/10/25 7:59
9.67,0,9/10/25 8:59
11,0,9/10/25 9:59
21.92,0,9/10/25 10:59
19.09,0,9/10/25 11:59
15.37,0,9/10/25 12:59
15.57,0,9/10/25 13:59
17.58,0,9/10/25 14:59
18.79,0,9/10/25 15:59
20.63,0,9/10/25 16:59
21.72,0,9/10/25 17:59
21.95,0,9/10/25 18:59
24.36,0,9/10/25 19:59
27.76,0,9/10/25 20:59
39.75,0,9/10/25 21:59
42.67,0,9/10/25 22:59
46.2,0,9/10/25 23:59
38.42,0,9/11/25 0:59
28.78,0,9/11/25 1:59
24.31,0,9/11/25 2:59
21.87,0,9/11/25 3:59
16.66,0,9/11/25 4:59
14.87,0,9/11/25 5:59
12.32,0,9/11/25 6:59
11.76,0,9/11/25 7:59
11.72,0,9/11/25 8:59
16.59,0,9/11/25 9:59
25.77,0,9/11/25 10:59
26.13,0,9/11/25 11:59
18.2,0,9/11/25 12:59
17.58,0,9/11/25 13:59
18.28,0,9/11/25 14:59
20.31,0,9/11/25 15:59
21.55,0,9/11/25 16:59
24.49,0,9/11/25 17:59
26.04,0,9/11/25 18:59
29.69,0,9/11/25 19:59
37.71,0,9/11/25 20:59
46.02,0,9/11/25 21:59
59.22,0,9/11/25 22:59
46.73,0,9/11/25 23:59
39.42,0,9/12/25 0:59
29.75,0,9/12/25 1:59
23.38,0,9/12/25 2:59
19.92,0,9/12/25 3:59
17.23,0,9/12/25 4:59
15.54,0,9/12/25 5:59
13.62,0,9/12/25 6:59
10.83,0,9/12/25 7:59
10.64,0,9/12/25 8:59
11.25,0,9/12/25 9:59
12.13,0,9/12/25 10:59
21.08,0,9/12/25 11:59
19.95,0,9/12/25 12:59
18.58,0,9/12/25 13:59
22.01,0,9/12/25 14:59
22.78,0,9/12/25 15:59
25.68,0,9/12/25 16:59
28.31,0,9/12/25 17:59
31.39,0,9/12/25 18:59
35.36,0,9/12/25 19:59
44.37,0,9/12/25 20:59
57.53,0,9/12/25 21:59
60.41,0,9/12/25 22:59
45.61,0,9/12/25 23:59
36.87,0,9/13/25 0:59
30.34,0,9/13/25 1:59
26.69,0,9/13/25 2:59
22.01,0,9/13/25 3:59
15.83,0,9/13/25 4:59
16.59,0,9/13/25 5:59
13.34,0,9/13/25 6:59
12.68,0,9/13/25 7:59
12.89,0,9/13/25 8:59
15.82,0,9/13/25 9:59
22.66,0,9/13/25 10:59
20.85,0,9/13/25 11:59
21.17,0,9/13/25 12:59
20.99,0,9/13/25 13:59
23.8,0,9/13/25 14:59
26.83,0,9/13/25 15:59
30.51,0,9/13/25 16:59
30.85,0,9/13/25 17:59
31.38,0,9/13/25 18:59
34.53,0,9/13/25 19:59
42.71,0,9/13/25 20:59
51.95,0,9/13/25 21:59
48.55,0,9/13/25 22:59
39.21,0,9/13/25 23:59
32.23,0,9/14/25 0:59
29.82,0,9/14/25 1:59
24.74,0,9/14/25 2:59
21.91,0,9/14/25 3:59
15.73,0,9/14/25 4:59
15.08,0,9/14/25 5:59
12.8,0,9/14/25 6:59
11.9,0,9/14/25 7:59
11.76,0,9/14/25 8:59
13.39,0,9/14/25 9:59
20.27,0,9/14/25 10:59
19.85,0,9/14/25 11:59
22.53,0,9/14/25 12:59
23.35,0,9/14/25 13:59
25.31,0,9/14/25 14:59
27.14,0,9/14/25 15:59
29.37,0,9/14/25 16:59
30.64,0,9/14/25 17:59
30.4,0,9/14/25 18:59
30.97,0,9/14/25 19:59
34.48,0,9/14/25 20:59
41.79,0,9/14/25 21:59
34.72,0,9/14/25 22:59
31.27,0,9/14/25 23:59
27.95,0,9/15/25 0:59
24.83,0,9/15/25 1:59
22.11,0,9/15/25 2:59
20.76,0,9/15/25 3:59
21.7,0,9/15/25 4:59
20.29,0,9/15/25 5:59
15.64,0,9/15/25 6:59
14.14,0,9/15/25 7:59
13.86,0,9/15/25 8:59
15.5,0,9/15/25 9:59
16.76,0,9/15/25 10:59
15.75,0,9/15/25 11:59
17.94,0,9/15/25 12:59
20.38,0,9/15/25 13:59
22.04,0,9/15/25 14:59
24.61,0,9/15/25 15:59
28.77,0,9/15/25 16:59
30.06,0,9/15/25 17:59
31.57,0,9/15/25 18:59
33.61,0,9/15/25 19:59
36.7,0,9/15/25 20:59
45.35,0,9/15/25 21:59
51.89,0,9/15/25 22:59
42.62,0,9/15/25 23:59
34.66,0,9/16/25 0:59
29.57,0,9/16/25 1:59
24.76,0,9/16/25 2:59
21.9,0,9/16/25 3:59
18.65,0,9/16/25 4:59
15.15,0,9/16/25 5:59
13.53,0,9/16/25 6:59
12.15,0,9/16/25 7:59
11.82,0,9/16/25 8:59
12.24,0,9/16/25 9:59
12.43,0,9/16/25 10:59
12.09,0,9/16/25 11:59
14.43,0,9/16/25 12:59
17.81,0,9/16/25 13:59
19.74,0,9/16/25 14:59
23.19,0,9/16/25 15:59
26.94,0,9/16/25 16:59
32.23,0,9/16/25 17:59
32.21,0,9/16/25 18:59
33.73,0,9/16/25 19:59
43.38,0,9/16/25 20:59
56.62,0,9/16/25 21:59
57.04,0,9/16/25 22:59
48.84,0,9/16/25 23:59
40.85,0,9/17/25 0:59
31.09,0,9/17/25 1:59
25.98,0,9/17/25 2:59
22.68,0,9/17/25 3:59
18.63,0,9/17/25 4:59
16.46,0,9/17/25 5:59
14.2,0,9/17/25 6:59
12.84,0,9/17/25 7:59
13.17,0,9/17/25 8:59
16.18,0,9/17/25 9:59
24.38,0,9/17/25 10:59
26.53,0,9/17/25 11:59
26.05,0,9/17/25 12:59
29.01,0,9/17/25 13:59
35.24,0,9/17/25 14:59
35.14,0,9/17/25 15:59
35.76,0,9/17/25 16:59
38.04,0,9/17/25 17:59
33.24,0,9/17/25 18:59
38.41,0,9/17/25 19:59
47.26,0,9/17/25 20:59
58.19,0,9/17/25 21:59
48.01,0,9/17/25 22:59
43.84,0,9/17/25 23:59
39.54,0,9/18/25 0:59
35.02,0,9/18/25 1:59
27.88,0,9/18/25 2:59
24.03,0,9/18/25 3:59
16.34,0,9/18/25 4:59
16.66,0,9/18/25 5:59
14.44,0,9/18/25 6:59
13.99,0,9/18/25 7:59
14.13,0,9/18/25 8:59
16.96,0,9/18/25 9:59
20.06,0,9/18/25 10:59
24.18,0,9/18/25 11:59
28.14,0,9/18/25 12:59
29.42,0,9/18/25 13:59
30.22,0,9/18/25 14:59
32.94,0,9/18/25 15:59
31.03,0,9/18/25 16:59
32.53,0,9/18/25 17:59
31.25,0,9/18/25 18:59
34.7,0,9/18/25 19:59
45.58,0,9/18/25 20:59
51.21,0,9/18/25 21:59
46.9,0,9/18/25 22:59
42.57,0,9/18/25 23:59
36.11,0,9/19/25 0:59
32.71,0,9/19/25 1:59
26.85,0,9/19/25 2:59
24.4,0,9/19/25 3:59
17.18,0,9/19/25 4:59
16.44,0,9/19/25 5:59
13.93,0,9/19/25 6:59
13.48,0,9/19/25 7:59
13.58,0,9/19/25 8:59
16.15,0,9/19/25 9:59
20.24,0,9/19/25 10:59
25.05,0,9/19/25 11:59
28.27,0,9/19/25 12:59
29.81,0,9/19/25 13:59
31.33,0,9/19/25 14:59
33.33,0,9/19/25 15:59
37.8,0,9/19/25 16:59
41.59,0,9/19/25 17:59
42.26,0,9/19/25 18:59
44.91,0,9/19/25 19:59
47.84,0,9/19/25 20:59
58.12,0,9/19/25 21:59
56.01,0,9/19/25 22:59
50.89,0,9/19/25 23:59
44.35,0,9/20/25 0:59
41.46,0,9/20/25 1:59
33.01,0,9/20/25 2:59
25.88,0,9/20/25 3:59
18.15,0,9/20/25 4:59
18.04,0,9/20/25 5:59
15.83,0,9/20/25 6:59
14.16,0,9/20/25 7:59
13.69,0,9/20/25 8:59
14.47,0,9/20/25 9:59
18.12,0,9/20/25 10:59
24.08,0,9/20/25 11:59
27.26,0,9/20/25 12:59
28.64,0,9/20/25 13:59
29.88,0,9/20/25 14:59
35.59,0,9/20/25 15:59
40.89,0,9/20/25 16:59
38,0,9/20/25 17:59
42.18,0,9/20/25 18:59
45.25,0,9/20/25 19:59
50.41,0,9/20/25 20:59
62.18,0,9/20/25 21:59
62.06,0,9/20/25 22:59
55.38,0,9/20/25 23:59
46.3,0,9/21/25 0:59
39.76,0,9/21/25 1:59
31.54,0,9/21/25 2:59
26.04,0,9/21/25 3:59
18.92,0,9/21/25 4:59
17.21,0,9/21/25 5:59
14.86,0,9/21/25 6:59
13.34,0,9/21/25 7:59
13.44,0,9/21/25 8:59
16.54,0,9/21/25 9:59
21.08,0,9/21/25 10:59
23.5,0,9/21/25 11:59
21.86,0,9/21/25 12:59
23.04,0,9/21/25 13:59
26.65,0,9/21/25 14:59
32.4,0,9/21/25 15:59
33.96,0,9/21/25 16:59
41.87,0,9/21/25 17:59
48.52,0,9/21/25 18:59
53.57,0,9/21/25 19:59
62.5,0,9/21/25 20:59
71.15,0,9/21/25 21:59
67.21,0,9/21/25 22:59
53.71,0,9/21/25 23:59
40.98,0,9/22/25 0:59
37.75,0,9/22/25 1:59
31.13,0,9/22/25 2:59
26.84,0,9/22/25 3:59
28.36,0,9/22/25 4:59
23.97,0,9/22/25 5:59
19.69,0,9/22/25 6:59
15.17,0,9/22/25 7:59
13.62,0,9/22/25 8:59
13.09,0,9/22/25 9:59
13.95,0,9/22/25 10:59
15.53,0,9/22/25 11:59
18.94,0,9/22/25 12:59
21.85,0,9/22/25 13:59
28.08,0,9/22/25 14:59
32.91,0,9/22/25 15:59
37.16,0,9/22/25 16:59
39.8,0,9/22/25 17:59
40.77,0,9/22/25 18:59
47.89,0,9/22/25 19:59
55.78,0,9/22/25 20:59
67.84,0,9/22/25 21:59
64.79,0,9/22/25 22:59
50.23,0,9/22/25 23:59
40.63,0,9/23/25 0:59
39.29,0,9/23/25 1:59
33.05,0,9/23/25 2:59
30.12,0,9/23/25 3:59
22.24,0,9/23/25 4:59
18.24,0,9/23/25 5:59
16.62,0,9/23/25 6:59
14.17,0,9/23/25 7:59
12.2,0,9/23/25 8:59
12.82,0,9/23/25 9:59
13.62,0,9/23/25 10:59
13.41,0,9/23/25 11:59
12.23,0,9/23/25 12:59
14.18,0,9/23/25 13:59
16,0,9/23/25 14:59
22.7,0,9/23/25 15:59
25.75,0,9/23/25 16:59
28.15,0,9/23/25 17:59
31.05,0,9/23/25 18:59
33.37,0,9/23/25 19:59
39.42,0,9/23/25 20:59
51.45,0,9/23/25 21:59
46.64,0,9/23/25 22:59
39.01,0,9/23/25 23:59
34.06,0,9/24/25 0:59
28.47,0,9/24/25 1:59
23.41,0,9/24/25 2:59
19.68,0,9/24/25 3:59
16.45,0,9/24/25 4:59
15.27,0,9/24/25 5:59
13.39,0,9/24/25 6:59
12.73,0,9/24/25 7:59
15.59,0,9/24/25 8:59
18.25,0,9/24/25 9:59
22.59,0,9/24/25 10:59
30.88,0,9/24/25 11:59
29.41,0,9/24/25 12:59
29.56,0,9/24/25 13:59
30.55,0,9/24/25 14:59
32.18,0,9/24/25 15:59
34.58,0,9/24/25 16:59
36.27,0,9/24/25 17:59
37.56,0,9/24/25 18:59
38.33,0,9/24/25 19:59
42.54,0,9/24/25 20:59
48.82,0,9/24/25 21:59
46.74,0,9/24/25 22:59
49.7,0,9/24/25 23:59
37.55,0,9/25/25 0:59
34.08,0,9/25/25 1:59
30.37,0,9/25/25 2:59
21.06,0,9/25/25 3:59
23.49,0,9/25/25 4:59
22.71,0,9/25/25 5:59
17.55,0,9/25/25 6:59
16.79,0,9/25/25 7:59
17.35,0,9/25/25 8:59
22.4,0,9/25/25 9:59
27.99,0,9/25/25 10:59
36.08,0,9/25/25 11:59
36.12,0,9/25/25 12:59
37.18,0,9/25/25 13:59
36.37,0,9/25/25 14:59
37.42,0,9/25/25 15:59
36.86,0,9/25/25 16:59
38.82,0,9/25/25 17:59
36.04,0,9/25/25 18:59
34.41,0,9/25/25 19:59
34.67,0,9/25/25 20:59
39.01,0,9/25/25 21:59
44.44,0,9/25/25 22:59
52.42,0,9/25/25 23:59
43.64,0,9/26/25 0:59
34.76,0,9/26/25 1:59
30.57,0,9/26/25 2:59
25.5,0,9/26/25 3:59
22.01,0,9/26/25 4:59
19.4,0,9/26/25 5:59
17.33,0,9/26/25 6:59
16.95,0,9/26/25 7:59
17.25,0,9/26/25 8:59
22.4,0,9/26/25 9:59
27.99,0,9/26/25 10:59
34.44,0,9/26/25 11:59
31.98,0,9/26/25 12:59
33.23,0,9/26/25 13:59
33.57,0,9/26/25 14:59
31.25,0,9/26/25 15:59
31.91,0,9/26/25 16:59
33.08,0,9/26/25 17:59
33.69,0,9/26/25 18:59
33.98,0,9/26/25 19:59
35.87,0,9/26/25 20:59
41.21,0,9/26/25 21:59
44.56,0,9/26/25 22:59
57.47,0,9/26/25 23:59
43.88,0,9/27/25 0:59
36.52,0,9/27/25 1:59
30.7,0,9/27/25 2:59
27.95,0,9/27/25 3:59
21.02,0,9/27/25 4:59
20.16,0,9/27/25 5:59
17.16,0,9/27/25 6:59
16.28,0,9/27/25 7:59
16.67,0,9/27/25 8:59
20.4,0,9/27/25 9:59
29.19,0,9/27/25 10:59
30.29,0,9/27/25 11:59
28.4,0,9/27/25 12:59
30.23,0,9/27/25 13:59
28.16,0,9/27/25 14:59
30.37,0,9/27/25 15:59
32.76,0,9/27/25 16:59
33.32,0,9/27/25 17:59
34.61,0,9/27/25 18:59
33.82,0,9/27/25 19:59
38.56,0,9/27/25 20:59
40.76,0,9/27/25 21:59
38.82,0,9/27/25 22:59
41.9,0,9/27/25 23:59
30.45,0,9/28/25 0:59
23.91,0,9/28/25 1:59
21.74,0,9/28/25 2:59
19.73,0,9/28/25 3:59
15.71,0,9/28/25 4:59
16.36,0,9/28/25 5:59
13.95,0,9/28/25 6:59
13.47,0,9/28/25 7:59
13.1,0,9/28/25 8:59
14.39,0,9/28/25 9:59
16.29,0,9/28/25 10:59
17.89,0,9/28/25 11:59
18.4,0,9/28/25 12:59
19.19,0,9/28/25 13:59
17.49,0,9/28/25 14:59
16.88,0,9/28/25 15:59
16.84,0,9/28/25 16:59
18.14,0,9/28/25 17:59
17.3,0,9/28/25 18:59
16.63,0,9/28/25 19:59
17.56,0,9/28/25 20:59
20.05,0,9/28/25 21:59
21.56,0,9/28/25 22:59
25.89,0,9/28/25 23:59
21,0,9/29/25 0:59
18.5,0,9/29/25 1:59
17.66,0,9/29/25 2:59
17.13,0,9/29/25 3:59
11.34,0,9/29/25 4:59
14.25,0,9/29/25 5:59
10.4,0,9/29/25 6:59
9.03,0,9/29/25 7:59
10.33,0,9/29/25 8:59
12.12,0,9/29/25 9:59
14.82,0,9/29/25 10:59
16.22,0,9/29/25 11:59
14.33,0,9/29/25 12:59
13.29,0,9/29/25 13:59
16.08,0,9/29/25 14:59
16.4,0,9/29/25 15:59
16.7,0,9/29/25 16:59
18.53,0,9/29/25 17:59
17.88,0,9/29/25 18:59
18.53,0,9/29/25 19:59
20.7,0,9/29/25 20:59
27.37,0,9/29/25 21:59
26.56,0,9/29/25 22:59
28.71,0,9/29/25 23:59
24.51,0,9/30/25 0:59
23.78,0,9/30/25 1:59
22.74,0,9/30/25 2:59
21.13,0,9/30/25 3:59
18.25,0,9/30/25 4:59
19.65,0,9/30/25 5:59
18.27,0,9/30/25 6:59
17.03,0,9/30/25 7:59
16.13,0,9/30/25 8:59
15.44,0,9/30/25 9:59
16.47,0,9/30/25 10:59
17.74,0,9/30/25 11:59
18.38,0,9/30/25 12:59
18.11,0,9/30/25 13:59
17.6,0,9/30/25 14:59
19.34,0,9/30/25 15:59
20.31,0,9/30/25 16:59
20.49,0,9/30/25 17:59
20.77,0,9/30/25 18:59
21.92,0,9/30/25 19:59
24.88,0,9/30/25 20:59
34.51,0,9/30/25 21:59
35.6,0,9/30/25 22:59
43.03,0,9/30/25 23:59
33.22,0,10/1/25 0:59
27.72,0,10/1/25 1:59
25.63,0,10/1/25 2:59
21.06,0,10/1/25 3:59
19.45,0,10/1/25 4:59
17.39,0,10/1/25 5:59
14.83,0,10/1/25 6:59
14.97,0,10/1/25 7:59
18.72,0,10/1/25 8:59
25.66,0,10/1/25 9:59
34.06,0,10/1/25 10:59
38.68,0,10/1/25 11:59
34.31,0,10/1/25 12:59
35.14,0,10/1/25 13:59
32.04,0,10/1/25 14:59
33.17,0,10/1/25 15:59
33.27,0,10/1/25 16:59
35.2,0,10/1/25 17:59
35.93,0,10/1/25 18:59
37.3,0,10/1/25 19:59
40.14,0,10/1/25 20:59
44,0,10/1/25 21:59
49.71,0,10/1/25 22:59
60.81,0,10/1/25 23:59
42.69,0,10/2/25 0:59
40.54,0,10/2/25 1:59
31.66,0,10/2/25 2:59
24.62,0,10/2/25 3:59
22.62,0,10/2/25 4:59
19.77,0,10/2/25 5:59
14.78,0,10/2/25 6:59
12.58,0,10/2/25 7:59
12.87,0,10/2/25 8:59
15.04,0,10/2/25 9:59
23.38,0,10/2/25 10:59
25.03,0,10/2/25 11:59
24.85,0,10/2/25 12:59
25.52,0,10/2/25 13:59
22.46,0,10/2/25 14:59
22.62,0,10/2/25 15:59
23.83,0,10/2/25 16:59
24.35,0,10/2/25 17:59
24.43,0,10/2/25 18:59
25,0,10/2/25 19:59
29.29,0,10/2/25 20:59
36.8,0,10/2/25 21:59
43.57,0,10/2/25 22:59
46.93,0,10/2/25 23:59
36.04,0,10/3/25 0:59
30.13,0,10/3/25 1:59
27.69,0,10/3/25 2:59
21.8,0,10/3/25 3:59
16.22,0,10/3/25 4:59
14.73,0,10/3/25 5:59
14.01,0,10/3/25 6:59
13.87,0,10/3/25 7:59
15.1,0,10/3/25 8:59
18.54,0,10/3/25 9:59
24.2,0,10/3/25 10:59
30.16,0,10/3/25 11:59
27.43,0,10/3/25 12:59
25.99,0,10/3/25 13:59
21.76,0,10/3/25 14:59
23.85,0,10/3/25 15:59
23.63,0,10/3/25 16:59
27.06,0,10/3/25 17:59
25.59,0,10/3/25 18:59
27.15,0,10/3/25 19:59
28.63,0,10/3/25 20:59
37.83,0,10/3/25 21:59
45.48,0,10/3/25 22:59
45.3,0,10/3/25 23:59
28.54,0,10/4/25 0:59
22.16,0,10/4/25 1:59
19.58,0,10/4/25 2:59
16.34,0,10/4/25 3:59
17.54,0,10/4/25 4:59
17.27,0,10/4/25 5:59
15.24,0,10/4/25 6:59
15.2,0,10/4/25 7:59
16.42,0,10/4/25 8:59
20.28,0,10/4/25 9:59
32.67,0,10/4/25 10:59
38.34,0,10/4/25 11:59
28.67,0,10/4/25 12:59
26.67,0,10/4/25 13:59
26.45,0,10/4/25 14:59
27.81,0,10/4/25 15:59
29.83,0,10/4/25 16:59
30.23,0,10/4/25 17:59
31.98,0,10/4/25 18:59
35.12,0,10/4/25 19:59
42.69,0,10/4/25 20:59
55.67,0,10/4/25 21:59
64.51,0,10/4/25 22:59
56.45,0,10/4/25 23:59
42.99,0,10/5/25 0:59
36.95,0,10/5/25 1:59
32.36,0,10/5/25 2:59
26.51,0,10/5/25 3:59
21.49,0,10/5/25 4:59
17.66,0,10/5/25 5:59
15.97,0,10/5/25 6:59
15.24,0,10/5/25 7:59
16.1,0,10/5/25 8:59
18.74,0,10/5/25 9:59
29.3,0,10/5/25 10:59
30.89,0,10/5/25 11:59
29.04,0,10/5/25 12:59
26.06,0,10/5/25 13:59
27.76,0,10/5/25 14:59
28.92,0,10/5/25 15:59
32.16,0,10/5/25 16:59
36.47,0,10/5/25 17:59
39.57,0,10/5/25 18:59
41.1,0,10/5/25 19:59
44.91,0,10/5/25 20:59
56.28,0,10/5/25 21:59
56.69,0,10/5/25 22:59
50.02,0,10/5/25 23:59
31.59,0,10/6/25 0:59
27.66,0,10/6/25 1:59
23.38,0,10/6/25 2:59
21.05,0,10/6/25 3:59
17.84,0,10/6/25 4:59
16.81,0,10/6/25 5:59
13.77,0,10/6/25 6:59
12.31,0,10/6/25 7:59
12.4,0,10/6/25 8:59
11.54,0,10/6/25 9:59
12.64,0,10/6/25 10:59
14.22,0,10/6/25 11:59
14.61,0,10/6/25 12:59
15.01,0,10/6/25 13:59
15.4,0,10/6/25 14:59
15.99,0,10/6/25 15:59
17.28,0,10/6/25 16:59
17.27,0,10/6/25 17:59
20.11,0,10/6/25 18:59
21.85,0,10/6/25 19:59
26.04,0,10/6/25 20:59
40.32,0,10/6/25 21:59
46.69,0,10/6/25 22:59
41.38,0,10/6/25 23:59
26.57,0,10/7/25 0:59
20.51,0,10/7/25 1:59
17.72,0,10/7/25 2:59
14.91,0,10/7/25 3:59
13.8,0,10/7/25 4:59
11.17,0,10/7/25 5:59
9.81,0,10/7/25 6:59
6.91,0,10/7/25 7:59
7.17,0,10/7/25 8:59
7.01,0,10/7/25 9:59
8.31,0,10/7/25 10:59
11.22,0,10/7/25 11:59
10.18,0,10/7/25 12:59
10.68,0,10/7/25 13:59
12.93,0,10/7/25 14:59
14.39,0,10/7/25 15:59
16.14,0,10/7/25 16:59
14.92,0,10/7/25 17:59
16.25,0,10/7/25 18:59
15.98,0,10/7/25 19:59
17.14,0,10/7/25 20:59
30.07,0,10/7/25 21:59
41.94,0,10/7/25 22:59
44.24,0,10/7/25 23:59
30.31,0,10/8/25 0:59
25.58,0,10/8/25 1:59
23.78,0,10/8/25 2:59
23.02,0,10/8/25 3:59
19.93,0,10/8/25 4:59
18.04,0,10/8/25 5:59
15.92,0,10/8/25 6:59
15.75,0,10/8/25 7:59
17.71,0,10/8/25 8:59
24,0,10/8/25 9:59
43.48,0,10/8/25 10:59
55.61,0,10/8/25 11:59
35.76,0,10/8/25 12:59
30.77,0,10/8/25 13:59
30.74,0,10/8/25 14:59
31.73,0,10/8/25 15:59
32.63,0,10/8/25 16:59
33.83,0,10/8/25 17:59
32.72,0,10/8/25 18:59
32.4,0,10/8/25 19:59
33.52,0,10/8/25 20:59
57.45,0,10/8/25 21:59
76.13,0,10/8/25 22:59
63.91,0,10/8/25 23:59
36.9,0,10/9/25 0:59
33.18,0,10/9/25 1:59
30.86,0,10/9/25 2:59
27.42,0,10/9/25 3:59
27.8,0,10/9/25 4:59
24.42,0,10/9/25 5:59
23.13,0,10/9/25 6:59
22.16,0,10/9/25 7:59
21.99,0,10/9/25 8:59
25.75,0,10/9/25 9:59
42.28,0,10/9/25 10:59
53.29,0,10/9/25 11:59
31.78,0,10/9/25 12:59
27.45,0,10/9/25 13:59
27.15,0,10/9/25 14:59
26.45,0,10/9/25 15:59
25.91,0,10/9/25 16:59
24.72,0,10/9/25 17:59
25.59,0,10/9/25 18:59
25.11,0,10/9/25 19:59
26.72,0,10/9/25 20:59
39.96,0,10/9/25 21:59
66.92,0,10/9/25 22:59
61.6,0,10/9/25 23:59
35.04,0,10/10/25 0:59
27.6,0,10/10/25 1:59
26.85,0,10/10/25 2:59
24.2,0,10/10/25 3:59
23.35,0,10/10/25 4:59
20.02,0,10/10/25 5:59
16.97,0,10/10/25 6:59
17.65,0,10/10/25 7:59
18.35,0,10/10/25 8:59
22.47,0,10/10/25 9:59
33.11,0,10/10/25 10:59
48.04,0,10/10/25 11:59
25.38,0,10/10/25 12:59
23.64,0,10/10/25 13:59
25.18,0,10/10/25 14:59
27.1,0,10/10/25 15:59
27.86,0,10/10/25 16:59
28.26,0,10/10/25 17:59
31.98,0,10/10/25 18:59
32.73,0,10/10/25 19:59
33.49,0,10/10/25 20:59
49.5,0,10/10/25 21:59
72.59,0,10/10/25 22:59
66.91,0,10/10/25 23:59
36.7,0,10/11/25 0:59
34.33,0,10/11/25 1:59
28.74,0,10/11/25 2:59
21.23,0,10/11/25 3:59
17.24,0,10/11/25 4:59
15.64,0,10/11/25 5:59
14.05,0,10/11/25 6:59
14.18,0,10/11/25 7:59
13.45,0,10/11/25 8:59
14.72,0,10/11/25 9:59
31.35,0,10/11/25 10:59
42.65,0,10/11/25 11:59
26.34,0,10/11/25 12:59
22.38,0,10/11/25 13:59
21.41,0,10/11/25 14:59
22.22,0,10/11/25 15:59
23.82,0,10/11/25 16:59
23.35,0,10/11/25 17:59
22.33,0,10/11/25 18:59
22.22,0,10/11/25 19:59
25.83,0,10/11/25 20:59
38.44,0,10/11/25 21:59
63.21,0,10/11/25 22:59
62.54,0,10/11/25 23:59
38.7,0,10/12/25 0:59
29.02,0,10/12/25 1:59
25.35,0,10/12/25 2:59
22.01,0,10/12/25 3:59
17.45,0,10/12/25 4:59
15.07,0,10/12/25 5:59
12.95,0,10/12/25 6:59
11.5,0,10/12/25 7:59
11.15,0,10/12/25 8:59
13.53,0,10/12/25 9:59
26.06,0,10/12/25 10:59
36.87,0,10/12/25 11:59
22.48,0,10/12/25 12:59
21.68,0,10/12/25 13:59
24.95,0,10/12/25 14:59
25.2,0,10/12/25 15:59
24.58,0,10/12/25 16:59
24.41,0,10/12/25 17:59
24.07,0,10/12/25 18:59
23.74,0,10/12/25 19:59
26.66,0,10/12/25 20:59
34.13,0,10/12/25 21:59
45.51,0,10/12/25 22:59
33.05,0,10/12/25 23:59
25.39,0,10/13/25 0:59
20.88,0,10/13/25 1:59
17.97,0,10/13/25 2:59
15.85,0,10/13/25 3:59
19.39,0,10/13/25 4:59
21.93,0,10/13/25 5:59
17.18,0,10/13/25 6:59
16.77,0,10/13/25 7:59
20.1,0,10/13/25 8:59
22.18,0,10/13/25 9:59
24.01,0,10/13/25 10:59
32.35,0,10/13/25 11:59
24.47,0,10/13/25 12:59
20.73,0,10/13/25 13:59
23.12,0,10/13/25 14:59
23.86,0,10/13/25 15:59
25.41,0,10/13/25 16:59
26.77,0,10/13/25 17:59
27.39,0,10/13/25 18:59
28.69,0,10/13/25 19:59
35.88,0,10/13/25 20:59
54.07,0,10/13/25 21:59
73.66,0,10/13/25 22:59
51.82,0,10/13/25 23:59
35.83,0,10/14/25 0:59
29.96,0,10/14/25 1:59
27.95,0,10/14/25 2:59
22.07,0,10/14/25 3:59
17.98,0,10/14/25 4:59
18.58,0,10/14/25 5:59
16.48,0,10/14/25 6:59
15.8,0,10/14/25 7:59
14.85,0,10/14/25 8:59
13.33,0,10/14/25 9:59
16.01,0,10/14/25 10:59
18.08,0,10/14/25 11:59
16.51,0,10/14/25 12:59
17.74,0,10/14/25 13:59
16.16,0,10/14/25 14:59
15.67,0,10/14/25 15:59
13.24,0,10/14/25 16:59
11.07,0,10/14/25 17:59
10.86,0,10/14/25 18:59
10.21,0,10/14/25 19:59
11.48,0,10/14/25 20:59
19.62,0,10/14/25 21:59
38.19,0,10/14/25 22:59
38.02,0,10/14/25 23:59
21.92,0,10/15/25 0:59
18.65,0,10/15/25 1:59
15.2,0,10/15/25 2:59
12.34,0,10/15/25 3:59
10.34,0,10/15/25 4:59
10.27,0,10/15/25 5:59
8.7,0,10/15/25 6:59
11.17,0,10/15/25 7:59
10.99,0,10/15/25 8:59
10.81,0,10/15/25 9:59
15.55,0,10/15/25 10:59
21.6,0,10/15/25 11:59
24.74,0,10/15/25 12:59
18.65,0,10/15/25 13:59
24.19,0,10/15/25 14:59
25.96,0,10/15/25 15:59
27.78,0,10/15/25 16:59
27.36,0,10/15/25 17:59
26.71,0,10/15/25 18:59
23.58,0,10/15/25 19:59
25.84,0,10/15/25 20:59
37.26,0,10/15/25 21:59
54.25,0,10/15/25 22:59
65.58,0,10/15/25 23:59
39.47,0,10/16/25 0:59
35.79,0,10/16/25 1:59
34.89,0,10/16/25 2:59
26.25,0,10/16/25 3:59
25.07,0,10/16/25 4:59
23.19,0,10/16/25 5:59
22.34,0,10/16/25 6:59
22.57,0,10/16/25 7:59
21.37,0,10/16/25 8:59
22.88,0,10/16/25 9:59
31.57,0,10/16/25 10:59
44.97,0,10/16/25 11:59
38.56,0,10/16/25 12:59
28.38,0,10/16/25 13:59
26.29,0,10/16/25 14:59
22.65,0,10/16/25 15:59
20.46,0,10/16/25 16:59
20.63,0,10/16/25 17:59
18.29,0,10/16/25 18:59
19.17,0,10/16/25 19:59
18.46,0,10/16/25 20:59
25.79,0,10/16/25 21:59
39.99,0,10/16/25 22:59
49.03,0,10/16/25 23:59
38.19,0,10/17/25 0:59
34.72,0,10/17/25 1:59
36.03,0,10/17/25 2:59
30.43,0,10/17/25 3:59
26.87,0,10/17/25 4:59
25.54,0,10/17/25 5:59
22.94,0,10/17/25 6:59
24.05,0,10/17/25 7:59
24.67,0,10/17/25 8:59
29.77,0,10/17/25 9:59
50.49,0,10/17/25 10:59
71.98,0,10/17/25 11:59
46.19,0,10/17/25 12:59
30.33,0,10/17/25 13:59
30.63,0,10/17/25 14:59
29.34,0,10/17/25 15:59
27.56,0,10/17/25 16:59
26.12,0,10/17/25 17:59
25.64,0,10/17/25 18:59
25.35,0,10/17/25 19:59
28.04,0,10/17/25 20:59
37.98,0,10/17/25 21:59
52.66,0,10/17/25 22:59
63.37,0,10/17/25 23:59
44.56,0,10/18/25 0:59
36.56,0,10/18/25 1:59
35,0,10/18/25 2:59
31.7,0,10/18/25 3:59
27.17,0,10/18/25 4:59
24.21,0,10/18/25 5:59
22.32,0,10/18/25 6:59
21.07,0,10/18/25 7:59
21.29,0,10/18/25 8:59
18.22,0,10/18/25 9:59
37.67,0,10/18/25 10:59
70.44,0,10/18/25 11:59
43.25,0,10/18/25 12:59
29.32,0,10/18/25 13:59
28.8,0,10/18/25 14:59
24.95,0,10/18/25 15:59
23.58,0,10/18/25 16:59
22.25,0,10/18/25 17:59
19.19,0,10/18/25 18:59
17.93,0,10/18/25 19:59
19.08,0,10/18/25 20:59
25.32,0,10/18/25 21:59
53.78,0,10/18/25 22:59
44.43,0,10/18/25 23:59
24.66,0,10/19/25 0:59
21.14,0,10/19/25 1:59
20,0,10/19/25 2:59
17.43,0,10/19/25 3:59
14.61,0,10/19/25 4:59
10.91,0,10/19/25 5:59
6.55,0,10/19/25 6:59
8.57,0,10/19/25 7:59
10.88,0,10/19/25 8:59
13.13,0,10/19/25 9:59
24.36,0,10/19/25 10:59
73.41,0,10/19/25 11:59
36.05,0,10/19/25 12:59
25.41,0,10/19/25 13:59
25.59,0,10/19/25 14:59
24.05,0,10/19/25 15:59
23.8,0,10/19/25 16:59
22.77,0,10/19/25 17:59
21.55,0,10/19/25 18:59
21.73,0,10/19/25 19:59
27.37,0,10/19/25 20:59
34.17,0,10/19/25 21:59
50.83,0,10/19/25 22:59
43.38,0,10/19/25 23:59
30.86,0,10/20/25 0:59
27.09,0,10/20/25 1:59
24.19,0,10/20/25 2:59
20.36,0,10/20/25 3:59
16.88,0,10/20/25 4:59
16.17,0,10/20/25 5:59
14.47,0,10/20/25 6:59
17.23,0,10/20/25 7:59
17.74,0,10/20/25 8:59
18.73,0,10/20/25 9:59
21.84,0,10/20/25 10:59
44.87,0,10/20/25 11:59
33.79,0,10/20/25 12:59
20.08,0,10/20/25 13:59
19.65,0,10/20/25 14:59
19.88,0,10/20/25 15:59
19.6,0,10/20/25 16:59
18.59,0,10/20/25 17:59
18.62,0,10/20/25 18:59
19.71,0,10/20/25 19:59
24.22,0,10/20/25 20:59
35.45,0,10/20/25 21:59
49.65,0,10/20/25 22:59
41.21,0,10/20/25 23:59
30.9,0,10/21/25 0:59
25.64,0,10/21/25 1:59
23.27,0,10/21/25 2:59
16.9,0,10/21/25 3:59
13.86,0,10/21/25 4:59
12.25,0,10/21/25 5:59
9.35,0,10/21/25 6:59
8.47,0,10/21/25 7:59
7.77,0,10/21/25 8:59
8.74,0,10/21/25 9:59
13.97,0,10/21/25 10:59
23.33,0,10/21/25 11:59
16.35,0,10/21/25 12:59
11.57,0,10/21/25 13:59
15.51,0,10/21/25 14:59
16.23,0,10/21/25 15:59
16.85,0,10/21/25 16:59
16.42,0,10/21/25 17:59
15.85,0,10/21/25 18:59
16.82,0,10/21/25 19:59
22.19,0,10/21/25 20:59
37.29,0,10/21/25 21:59
52.39,0,10/21/25 22:59
39.88,0,10/21/25 23:59
23.58,0,10/22/25 0:59
18.56,0,10/22/25 1:59
12.73,0,10/22/25 2:59
10.05,0,10/22/25 3:59
8.76,0,10/22/25 4:59
7.44,0,10/22/25 5:59
6.78,0,10/22/25 6:59
7.97,0,10/22/25 7:59
8.65,0,10/22/25 8:59
13.13,0,10/22/25 9:59
26.22,0,10/22/25 10:59
62.38,0,10/22/25 11:59
38.01,0,10/22/25 12:59
27.1,0,10/22/25 13:59
28.5,0,10/22/25 14:59
30.37,0,10/22/25 15:59
31.42,0,10/22/25 16:59
33.26,0,10/22/25 17:59
33.11,0,10/22/25 18:59
31.15,0,10/22/25 19:59
35.37,0,10/22/25 20:59
61.35,0,10/22/25 21:59
73.65,0,10/22/25 22:59
47.75,0,10/22/25 23:59
30.44,0,10/23/25 0:59
24.33,0,10/23/25 1:59
18.84,0,10/23/25 2:59
13.99,0,10/23/25 3:59
10.12,0,10/23/25 4:59
8.13,0,10/23/25 5:59
7.56,0,10/23/25 6:59
7.91,0,10/23/25 7:59
7.63,0,10/23/25 8:59
10.28,0,10/23/25 9:59
18.47,0,10/23/25 10:59
29.94,0,10/23/25 11:59
22.03,0,10/23/25 12:59
19.36,0,10/23/25 13:59
19.49,0,10/23/25 14:59
19.53,0,10/23/25 15:59
19.72,0,10/23/25 16:59
20.78,0,10/23/25 17:59
20.63,0,10/23/25 18:59
22.13,0,10/23/25 19:59
25.04,0,10/23/25 20:59
39.58,0,10/23/25 21:59
52.11,0,10/23/25 22:59
40.11,0,10/23/25 23:59
23.02,0,10/24/25 0:59
19.24,0,10/24/25 1:59
16.2,0,10/24/25 2:59
12.16,0,10/24/25 3:59
10.41,0,10/24/25 4:59
8.97,0,10/24/25 5:59
7.93,0,10/24/25 6:59
7.59,0,10/24/25 7:59
7.47,0,10/24/25 8:59
8.9,0,10/24/25 9:59
19.13,0,10/24/25 10:59
31.84,0,10/24/25 11:59
28.45,0,10/24/25 12:59
21.46,0,10/24/25 13:59
22.18,0,10/24/25 14:59
21.64,0,10/24/25 15:59
21.82,0,10/24/25 16:59
23.7,0,10/24/25 17:59
23.97,0,10/24/25 18:59
25.32,0,10/24/25 19:59
28.65,0,10/24/25 20:59
40.89,0,10/24/25 21:59
60.51,0,10/24/25 22:59
53.47,0,10/24/25 23:59
40.23,0,10/25/25 0:59
34.85,0,10/25/25 1:59
31.53,0,10/25/25 2:59
26.19,0,10/25/25 3:59
26.98,0,10/25/25 4:59
22.09,0,10/25/25 5:59
20.09,0,10/25/25 6:59
19.83,0,10/25/25 7:59
19.69,0,10/25/25 8:59
20.89,0,10/25/25 9:59
37.4,0,10/25/25 10:59
70.7,0,10/25/25 11:59
40.49,0,10/25/25 12:59
27.02,0,10/25/25 13:59
25.41,0,10/25/25 14:59
23.28,0,10/25/25 15:59
22.11,0,10/25/25 16:59
21.97,0,10/25/25 17:59
21.5,0,10/25/25 18:59
21.63,0,10/25/25 19:59
25.21,0,10/25/25 20:59
46.69,0,10/25/25 21:59
67.4,0,10/25/25 22:59
51.71,0,10/25/25 23:59
28.1,0,10/26/25 0:59
21.68,0,10/26/25 1:59
17.19,0,10/26/25 2:59
13.35,0,10/26/25 3:59
16.76,0,10/26/25 4:59
15.65,0,10/26/25 5:59
13.53,0,10/26/25 6:59
15.74,0,10/26/25 7:59
17.67,0,10/26/25 8:59
21.76,0,10/26/25 9:59
37.53,0,10/26/25 10:59
65.87,0,10/26/25 11:59
47.13,0,10/26/25 12:59
32.48,0,10/26/25 13:59
31.76,0,10/26/25 14:59
28.76,0,10/26/25 15:59
28.56,0,10/26/25 16:59
27.71,0,10/26/25 17:59
27.14,0,10/26/25 18:59
30.89,0,10/26/25 19:59
31.72,0,10/26/25 20:59
44.3,0,10/26/25 21:59
55.52,0,10/26/25 22:59
43.77,0,10/26/25 23:59
32.4,0,10/27/25 0:59
33.03,0,10/27/25 1:59
28.79,0,10/27/25 2:59
25.53,0,10/27/25 3:59
23.1,0,10/27/25 4:59
19.82,0,10/27/25 5:59
17.52,0,10/27/25 6:59
16.54,0,10/27/25 7:59
16.12,0,10/27/25 8:59
15.82,0,10/27/25 9:59
17.48,0,10/27/25 10:59
24.18,0,10/27/25 11:59
25.33,0,10/27/25 12:59
19.77,0,10/27/25 13:59
20.69,0,10/27/25 14:59
20.53,0,10/27/25 15:59
20.07,0,10/27/25 16:59
19.04,0,10/27/25 17:59
17.75,0,10/27/25 18:59
17.97,0,10/27/25 19:59
18.79,0,10/27/25 20:59
30.16,0,10/27/25 21:59
41.2,0,10/27/25 22:59
38.8,0,10/27/25 23:59
27.29,0,10/28/25 0:59
26.04,0,10/28/25 1:59
24.04,0,10/28/25 2:59
22.96,0,10/28/25 3:59
18.85,0,10/28/25 4:59
14.7,0,10/28/25 5:59
11.3,0,10/28/25 6:59
10.33,0,10/28/25 7:59
11.72,0,10/28/25 8:59
11.34,0,10/28/25 9:59
13.14,0,10/28/25 10:59
23.44,0,10/28/25 11:59
25.35,0,10/28/25 12:59
19.71,0,10/28/25 13:59
18.06,0,10/28/25 14:59
19.46,0,10/28/25 15:59
19.59,0,10/28/25 16:59
18.64,0,10/28/25 17:59
18.07,0,10/28/25 18:59
18.75,0,10/28/25 19:59
21.38,0,10/28/25 20:59
32.34,0,10/28/25 21:59
45.02,0,10/28/25 22:59
43.61,0,10/28/25 23:59
29.3,0,10/29/25 0:59
25.29,0,10/29/25 1:59
20.59,0,10/29/25 2:59
17.51,0,10/29/25 3:59
8.02,0,10/29/25 4:59
5.75,0,10/29/25 5:59
6.44,0,10/29/25 6:59
8.42,0,10/29/25 7:59
7.21,0,10/29/25 8:59
11.26,0,10/29/25 9:59
18.34,0,10/29/25 10:59
51.05,0,10/29/25 11:59
35.05,0,10/29/25 12:59
20.24,0,10/29/25 13:59
21.41,0,10/29/25 14:59
22.59,0,10/29/25 15:59
22.07,0,10/29/25 16:59
19.72,0,10/29/25 17:59
19.02,0,10/29/25 18:59
18.04,0,10/29/25 19:59
19.78,0,10/29/25 20:59
25.43,0,10/29/25 21:59
37.21,0,10/29/25 22:59
24.18,0,10/29/25 23:59
19.88,0,10/30/25 0:59
18.69,0,10/30/25 1:59
15.12,0,10/30/25 2:59
12.98,0,10/30/25 3:59
8.79,0,10/30/25 4:59
7.35,0,10/30/25 5:59
6.41,0,10/30/25 6:59
5.68,0,10/30/25 7:59
5.82,0,10/30/25 8:59
9.09,0,10/30/25 9:59
18.35,0,10/30/25 10:59
32.92,0,10/30/25 11:59
24.55,0,10/30/25 12:59
20.47,0,10/30/25 13:59
21.09,0,10/30/25 14:59
22.33,0,10/30/25 15:59
24.28,0,10/30/25 16:59
25.1,0,10/30/25 17:59
24.81,0,10/30/25 18:59
25.99,0,10/30/25 19:59
29.83,0,10/30/25 20:59
44.2,0,10/30/25 21:59
55.32,0,10/30/25 22:59
42.03,0,10/30/25 23:59
30.16,0,10/31/25 0:59
26.83,0,10/31/25 1:59
21.11,0,10/31/25 2:59
17.65,0,10/31/25 3:59
12.78,0,10/31/25 4:59
11.37,0,10/31/25 5:59
10.26,0,10/31/25 6:59
9.77,0,10/31/25 7:59
9.75,0,10/31/25 8:59
10.87,0,10/31/25 9:59
19.51,0,10/31/25 10:59
25.69,0,10/31/25 11:59
23.75,0,10/31/25 12:59
17.95,0,10/31/25 13:59
17.82,0,10/31/25 14:59
18.81,0,10/31/25 15:59
21.56,0,10/31/25 16:59
22.55,0,10/31/25 17:59
22.22,0,10/31/25 18:59
22.98,0,10/31/25 19:59
28.02,0,10/31/25 20:59
37.66,0,10/31/25 21:59
42.49,0,10/31/25 22:59
35.9,0,10/31/25 23:59
25.3,0,11/1/25 0:59
22.96,0,11/1/25 1:59
19.06,0,11/1/25 2:59
16.9,0,11/1/25 3:59
14.58,0,11/1/25 4:59
14.05,0,11/1/25 5:59
12.72,0,11/1/25 6:59
11.52,0,11/1/25 7:59
11.67,0,11/1/25 8:59
13.39,0,11/1/25 9:59
21.23,0,11/1/25 10:59
27.82,0,11/1/25 11:59
24.27,0,11/1/25 12:59
19.97,0,11/1/25 13:59
19.58,0,11/1/25 14:59
20.77,0,11/1/25 15:59
20.73,0,11/1/25 16:59
19.35,0,11/1/25 17:59
18.86,0,11/1/25 18:59
18.83,0,11/1/25 19:59
20.95,0,11/1/25 20:59
23.9,0,11/1/25 21:59
31.17,0,11/1/25 22:59
31.26,0,11/1/25 23:59
27.38,0,11/2/25 0:59
22.93,0,11/2/25 1:59
23.36,0,11/2/25 2:59
21.29,0,11/2/25 3:59
18.43,0,11/2/25 4:59
17.43,0,11/2/25 5:59
16.19,0,11/2/25 6:59
16.5,0,11/2/25 7:59
17.6,0,11/2/25 8:59
19.79,0,11/2/25 9:59
30.76,0,11/2/25 10:59
44.77,0,11/2/25 11:59
43.63,0,11/2/25 12:59
35.95,0,11/2/25 13:59
33.47,0,11/2/25 14:59
32.23,0,11/2/25 15:59
32.79,0,11/2/25 16:59
29.82,0,11/2/25 17:59
29.01,0,11/2/25 18:59
27.83,0,11/2/25 19:59
34.88,0,11/2/25 20:59
43.95,0,11/2/25 21:59
50.37,0,11/2/25 22:59
42.66,0,11/2/25 23:59
34.2,0,11/3/25 0:59
33.65,0,11/3/25 1:59
32.43,0,11/3/25 2:59
26.68,0,11/3/25 3:59
29.44,0,11/3/25 4:59
24.78,0,11/3/25 5:59
20.65,0,11/3/25 6:59
18.99,0,11/3/25 7:59
21.18,0,11/3/25 8:59
19.91,0,11/3/25 9:59
23.21,0,11/3/25 10:59
32.64,0,11/3/25 11:59
30.43,0,11/3/25 12:59
20.61,0,11/3/25 13:59
18.75,0,11/3/25 14:59
18.02,0,11/3/25 15:59
17.94,0,11/3/25 16:59
16.25,0,11/3/25 17:59
16.75,0,11/3/25 18:59
16.56,0,11/3/25 19:59
19.97,0,11/3/25 20:59
28.1,0,11/3/25 21:59
39.88,0,11/3/25 22:59
36.28,0,11/3/25 23:59
27.56,0,11/4/25 0:59
22.38,0,11/4/25 1:59
19.65,0,11/4/25 2:59
14.84,0,11/4/25 3:59
10.42,0,11/4/25 4:59
3.35,0,11/4/25 5:59
8.43,0,11/4/25 6:59
6.11,0,11/4/25 7:59
7.51,0,11/4/25 8:59
6.69,0,11/4/25 9:59
8.41,0,11/4/25 10:59
11.18,0,11/4/25 11:59
8.66,0,11/4/25 12:59
8.76,0,11/4/25 13:59
12.41,0,11/4/25 14:59
12.52,0,11/4/25 15:59
11.6,0,11/4/25 16:59
11.86,0,11/4/25 17:59
11.79,0,11/4/25 18:59
11.53,0,11/4/25 19:59
11.31,0,11/4/25 20:59
22.21,0,11/4/25 21:59
21.36,0,11/4/25 22:59
17.75,0,11/4/25 23:59
15.93,0,11/5/25 0:59
15.07,0,11/5/25 1:59
14.12,0,11/5/25 2:59
13.44,0,11/5/25 3:59
14.04,0,11/5/25 4:59
9.56,0,11/5/25 5:59
9.47,0,11/5/25 6:59
8.07,0,11/5/25 7:59
7.84,0,11/5/25 8:59
9.16,0,11/5/25 9:59
11.36,0,11/5/25 10:59
27.06,0,11/5/25 11:59
24.05,0,11/5/25 12:59
19.98,0,11/5/25 13:59
17.27,0,11/5/25 14:59
18.34,0,11/5/25 15:59
19.05,0,11/5/25 16:59
20.3,0,11/5/25 17:59
20.81,0,11/5/25 18:59
21.02,0,11/5/25 19:59
21.66,0,11/5/25 20:59
28.59,0,11/5/25 21:59
41.31,0,11/5/25 22:59
33.95,0,11/5/25 23:59
28.3,0,11/6/25 0:59
22.22,0,11/6/25 1:59
18.24,0,11/6/25 2:59
16.5,0,11/6/25 3:59
12.86,0,11/6/25 4:59
12.62,0,11/6/25 5:59
10.94,0,11/6/25 6:59
9.51,0,11/6/25 7:59
9.26,0,11/6/25 8:59
11.71,0,11/6/25 9:59
14.45,0,11/6/25 10:59
21.9,0,11/6/25 11:59
24.3,0,11/6/25 12:59
19.19,0,11/6/25 13:59
17.01,0,11/6/25 14:59
17.64,0,11/6/25 15:59
18.21,0,11/6/25 16:59
20.16,0,11/6/25 17:59
22.13,0,11/6/25 18:59
22.5,0,11/6/25 19:59
21.96,0,11/6/25 20:59
31.1,0,11/6/25 21:59
40.66,0,11/6/25 22:59
31.17,0,11/6/25 23:59
26.86,0,11/7/25 0:59
24.29,0,11/7/25 1:59
22.99,0,11/7/25 2:59
23.02,0,11/7/25 3:59
19.37,0,11/7/25 4:59
20.36,0,11/7/25 5:59
19.26,0,11/7/25 6:59
16.97,0,11/7/25 7:59
17.02,0,11/7/25 8:59
21.02,0,11/7/25 9:59
25.36,0,11/7/25 10:59
37.36,0,11/7/25 11:59
38.55,0,11/7/25 12:59
31.24,0,11/7/25 13:59
30.77,0,11/7/25 14:59
33.19,0,11/7/25 15:59
34.44,0,11/7/25 16:59
34.08,0,11/7/25 17:59
35.22,0,11/7/25 18:59
35.83,0,11/7/25 19:59
39.46,0,11/7/25 20:59
45.05,0,11/7/25 21:59
60.53,0,11/7/25 22:59
43.31,0,11/7/25 23:59
37.11,0,11/8/25 0:59
32.11,0,11/8/25 1:59
31.18,0,11/8/25 2:59
28.36,0,11/8/25 3:59
25.38,0,11/8/25 4:59
29.2,0,11/8/25 5:59
23.12,0,11/8/25 6:59
19.72,0,11/8/25 7:59
19.3,0,11/8/25 8:59
20.65,0,11/8/25 9:59
24.4,0,11/8/25 10:59
35.85,0,11/8/25 11:59
40.44,0,11/8/25 12:59
36.6,0,11/8/25 13:59
33.13,0,11/8/25 14:59
35.44,0,11/8/25 15:59
34.36,0,11/8/25 16:59
34.44,0,11/8/25 17:59
33.06,0,11/8/25 18:59
30.72,0,11/8/25 19:59
32.73,0,11/8/25 20:59
43.95,0,11/8/25 21:59
66.15,0,11/8/25 22:59
51.18,0,11/8/25 23:59
38.93,0,11/9/25 0:59
33.76,0,11/9/25 1:59
32.17,0,11/9/25 2:59
28.6,0,11/9/25 3:59
23.71,0,11/9/25 4:59
21.07,0,11/9/25 5:59
18.4,0,11/9/25 6:59
16.83,0,11/9/25 7:59
16.6,0,11/9/25 8:59
17.73,0,11/9/25 9:59
23.23,0,11/9/25 10:59
34.88,0,11/9/25 11:59
38.99,0,11/9/25 12:59
28.95,0,11/9/25 13:59
23.72,0,11/9/25 14:59
23.6,0,11/9/25 15:59
22.11,0,11/9/25 16:59
22.68,0,11/9/25 17:59
22.02,0,11/9/25 18:59
21.86,0,11/9/25 19:59
24.79,0,11/9/25 20:59
34.44,0,11/9/25 21:59
46.26,0,11/9/25 22:59
34.54,0,11/9/25 23:59
27.44,0,11/10/25 0:59
24.2,0,11/10/25 1:59
24.14,0,11/10/25 2:59
21.83,0,11/10/25 3:59
17.76,0,11/10/25 4:59
18.03,0,11/10/25 5:59
16.02,0,11/10/25 6:59
14.58,0,11/10/25 7:59
13.49,0,11/10/25 8:59
13.79,0,11/10/25 9:59
14.39,0,11/10/25 10:59
17.54,0,11/10/25 11:59
17.61,0,11/10/25 12:59
15.35,0,11/10/25 13:59
15.84,0,11/10/25 14:59
15.84,0,11/10/25 15:59
15.76,0,11/10/25 16:59
15.07,0,11/10/25 17:59
14.9,0,11/10/25 18:59
15.44,0,11/10/25 19:59
20.07,0,11/10/25 20:59
27.01,0,11/10/25 21:59
34.47,0,11/10/25 22:59
27.61,0,11/10/25 23:59
24.27,0,11/11/25 0:59
24.02,0,11/11/25 1:59
22.23,0,11/11/25 2:59
22.14,0,11/11/25 3:59
21.11,0,11/11/25 4:59
14.43,0,11/11/25 5:59
14.65,0,11/11/25 6:59
12.38,0,11/11/25 7:59
14.64,0,11/11/25 8:59
15.85,0,11/11/25 9:59
15,0,11/11/25 10:59
14.18,0,11/11/25 11:59
14.81,0,11/11/25 12:59
15.15,0,11/11/25 13:59
15.16,0,11/11/25 14:59
17.64,0,11/11/25 15:59
15.49,0,11/11/25 16:59
14.99,0,11/11/25 17:59
14.39,0,11/11/25 18:59
13.51,0,11/11/25 19:59
13.31,0,11/11/25 20:59
19.49,0,11/11/25 21:59
25.48,0,11/11/25 22:59
23.96,0,11/11/25 23:59
21.28,0,11/12/25 0:59
21.34,0,11/12/25 1:59
17.85,0,11/12/25 2:59
16.8,0,11/12/25 3:59
13.36,0,11/12/25 4:59
8.59,0,11/12/25 5:59
8.35,0,11/12/25 6:59
7.98,0,11/12/25 7:59
8.33,0,11/12/25 8:59
8.28,0,11/12/25 9:59
10.26,0,11/12/25 10:59
18.93,0,11/12/25 11:59
21.33,0,11/12/25 12:59
21.05,0,11/12/25 13:59
17.95,0,11/12/25 14:59
18.35,0,11/12/25 15:59
16.83,0,11/12/25 16:59
15.47,0,11/12/25 17:59
15.28,0,11/12/25 18:59
15.06,0,11/12/25 19:59
17.22,0,11/12/25 20:59
25.87,0,11/12/25 21:59
42.48,0,11/12/25 22:59
29.33,0,11/12/25 23:59
25.09,0,11/13/25 0:59
24.37,0,11/13/25 1:59
21.93,0,11/13/25 2:59
22.92,0,11/13/25 3:59
17.88,0,11/13/25 4:59
17.31,0,11/13/25 5:59
15.54,0,11/13/25 6:59
12.55,0,11/13/25 7:59
12.85,0,11/13/25 8:59
15.59,0,11/13/25 9:59
17,0,11/13/25 10:59
31.21,0,11/13/25 11:59
31.9,0,11/13/25 12:59
22.68,0,11/13/25 13:59
20.16,0,11/13/25 14:59
20.25,0,11/13/25 15:59
20.54,0,11/13/25 16:59
20.39,0,11/13/25 17:59
19.77,0,11/13/25 18:59
18.35,0,11/13/25 19:59
19.85,0,11/13/25 20:59
32.14,0,11/13/25 21:59
50.5,0,11/13/25 22:59
33.01,0,11/13/25 23:59
25.88,0,11/14/25 0:59
22.36,0,11/14/25 1:59
18.85,0,11/14/25 2:59
14.95,0,11/14/25 3:59
12.85,0,11/14/25 4:59
10.51,0,11/14/25 5:59
9.89,0,11/14/25 6:59
6.38,0,11/14/25 7:59
7.64,0,11/14/25 8:59
6.72,0,11/14/25 9:59
9.19,0,11/14/25 10:59
37.53,0,11/14/25 11:59
35.18,0,11/14/25 12:59
19.18,0,11/14/25 13:59
18.65,0,11/14/25 14:59
22.11,0,11/14/25 15:59
21.93,0,11/14/25 16:59
21.27,0,11/14/25 17:59
21.01,0,11/14/25 18:59
21.74,0,11/14/25 19:59
25.41,0,11/14/25 20:59
34.25,0,11/14/25 21:59
39.45,0,11/14/25 22:59
30.76,0,11/14/25 23:59
26.53,0,11/15/25 0:59
24.25,0,11/15/25 1:59
22.54,0,11/15/25 2:59
20.94,0,11/15/25 3:59
18.31,0,11/15/25 4:59
17.19,0,11/15/25 5:59
15.88,0,11/15/25 6:59
14.22,0,11/15/25 7:59
13.86,0,11/15/25 8:59
14.69,0,11/15/25 9:59
17.69,0,11/15/25 10:59
27.93,0,11/15/25 11:59
37.7,0,11/15/25 12:59
32.96,0,11/15/25 13:59
29.41,0,11/15/25 14:59
28.5,0,11/15/25 15:59
27.77,0,11/15/25 16:59
27.04,0,11/15/25 17:59
24.44,0,11/15/25 18:59
21.42,0,11/15/25 19:59
21.59,0,11/15/25 20:59
27.07,0,11/15/25 21:59
40.31,0,11/15/25 22:59
35.16,0,11/15/25 23:59
30.51,0,11/16/25 0:59
29.9,0,11/16/25 1:59
29.45,0,11/16/25 2:59
25.11,0,11/16/25 3:59
23.19,0,11/16/25 4:59
24.24,0,11/16/25 5:59
23,0,11/16/25 6:59
22.13,0,11/16/25 7:59
22.26,0,11/16/25 8:59
23.73,0,11/16/25 9:59
24.01,0,11/16/25 10:59
35.33,0,11/16/25 11:59
44.32,0,11/16/25 12:59
42.3,0,11/16/25 13:59
32.66,0,11/16/25 14:59
29.42,0,11/16/25 15:59
27.21,0,11/16/25 16:59
26.29,0,11/16/25 17:59
24.79,0,11/16/25 18:59
24.31,0,11/16/25 19:59
26.15,0,11/16/25 20:59
33.51,0,11/16/25 21:59
44.54,0,11/16/25 22:59
35.23,0,11/16/25 23:59
30.41,0,11/17/25 0:59
27.45,0,11/17/25 1:59
26.38,0,11/17/25 2:59
22.2,0,11/17/25 3:59
21.09,0,11/17/25 4:59
21.85,0,11/17/25 5:59
18.63,0,11/17/25 6:59
18,0,11/17/25 7:59
17.72,0,11/17/25 8:59
17.3,0,11/17/25 9:59
18.01,0,11/17/25 10:59
21.76,0,11/17/25 11:59
21.38,0,11/17/25 12:59
18.36,0,11/17/25 13:59
18.62,0,11/17/25 14:59
18.81,0,11/17/25 15:59
16.17,0,11/17/25 16:59
14.79,0,11/17/25 17:59
12.42,0,11/17/25 18:59
11.5,0,11/17/25 19:59
12.84,0,11/17/25 20:59
18.97,0,11/17/25 21:59
20.68,0,11/17/25 22:59
18.45,0,11/17/25 23:59
18.03,0,11/18/25 0:59
16.7,0,11/18/25 1:59
15.7,0,11/18/25 2:59
13.67,0,11/18/25 3:59
12.36,0,11/18/25 4:59
10.7,0,11/18/25 5:59
9.99,0,11/18/25 6:59
8.21,0,11/18/25 7:59
7.13,0,11/18/25 8:59
7.91,0,11/18/25 9:59
9.4,0,11/18/25 10:59
10.91,0,11/18/25 11:59
11.28,0,11/18/25 12:59
12.94,0,11/18/25 13:59
13.8,0,11/18/25 14:59
15.98,0,11/18/25 15:59
18.95,0,11/18/25 16:59
20.87,0,11/18/25 17:59
21.51,0,11/18/25 18:59
22.42,0,11/18/25 19:59
23.84,0,11/18/25 20:59
31.83,0,11/18/25 21:59
40.03,0,11/18/25 22:59
33.58,0,11/18/25 23:59
30.04,0,11/19/25 0:59
29.61,0,11/19/25 1:59
25.78,0,11/19/25 2:59
24.24,0,11/19/25 3:59
20.68,0,11/19/25 4:59
15.7,0,11/19/25 5:59
14.32,0,11/19/25 6:59
13.83,0,11/19/25 7:59
16.65,0,11/19/25 8:59
18.02,0,11/19/25 9:59
22.15,0,11/19/25 10:59
30.32,0,11/19/25 11:59
38.42,0,11/19/25 12:59
26.35,0,11/19/25 13:59
20.96,0,11/19/25 14:59
19.8,0,11/19/25 15:59
17.35,0,11/19/25 16:59
15.68,0,11/19/25 17:59
14.5,0,11/19/25 18:59
12.74,0,11/19/25 19:59
11.31,0,11/19/25 20:59
12.83,0,11/19/25 21:59
19.73,0,11/19/25 22:59
12.31,0,11/19/25 23:59
10.43,0,11/20/25 0:59
8.56,0,11/20/25 1:59
6.85,0,11/20/25 2:59
2.73,0,11/20/25 3:59
1.1,0,11/20/25 4:59
-1.28,0,11/20/25 5:59
-2.49,0,11/20/25 6:59
-4.07,0,11/20/25 7:59
-4.82,0,11/20/25 8:59
-3.9,0,11/20/25 9:59
-0.38,0,11/20/25 10:59
5.53,0,11/20/25 11:59
10.07,0,11/20/25 12:59
13.32,0,11/20/25 13:59
13.23,0,11/20/25 14:59
14.08,0,11/20/25 15:59
14.1,0,11/20/25 16:59
14.57,0,11/20/25 17:59
15.17,0,11/20/25 18:59
15.31,0,11/20/25 19:59
17.43,0,11/20/25 20:59
25.67,0,11/20/25 21:59
44.44,0,11/20/25 22:59
37.96,0,11/20/25 23:59
32.49,0,11/21/25 0:59
27.93,0,11/21/25 1:59
24.9,0,11/21/25 2:59
19.52,0,11/21/25 3:59
17.28,0,11/21/25 4:59
5.57,0,11/21/25 5:59
3.96,0,11/21/25 6:59
0.74,0,11/21/25 7:59
-0.39,0,11/21/25 8:59
2.52,0,11/21/25 9:59
5.69,0,11/21/25 10:59
18.59,0,11/21/25 11:59
25.99,0,11/21/25 12:59
26.52,0,11/21/25 13:59
23.87,0,11/21/25 14:59
18.36,0,11/21/25 15:59
11.56,0,11/21/25 16:59
8.8,0,11/21/25 17:59
8.61,0,11/21/25 18:59
7.25,0,11/21/25 19:59
6.12,0,11/21/25 20:59
10,0,11/21/25 21:59
21.08,0,11/21/25 22:59
21.34,0,11/21/25 23:59
20.85,0,11/22/25 0:59
18.26,0,11/22/25 1:59
12.59,0,11/22/25 2:59
6.84,0,11/22/25 3:59
3.89,0,11/22/25 4:59
6.95,0,11/22/25 5:59
6.59,0,11/22/25 6:59
5.77,0,11/22/25 7:59
5.77,0,11/22/25 8:59
7.19,0,11/22/25 9:59
10.24,0,11/22/25 10:59
20.35,0,11/22/25 11:59
26.91,0,11/22/25 12:59
20.52,0,11/22/25 13:59
20.67,0,11/22/25 14:59
20.1,0,11/22/25 15:59
19.02,0,11/22/25 16:59
18.53,0,11/22/25 17:59
19.73,0,11/22/25 18:59
20.1,0,11/22/25 19:59
22.82,0,11/22/25 20:59
28.28,0,11/22/25 21:59
39.58,0,11/22/25 22:59
35.91,0,11/22/25 23:59
32.04,0,11/23/25 0:59
32.38,0,11/23/25 1:59
26.86,0,11/23/25 2:59
23.61,0,11/23/25 3:59
21.69,0,11/23/25 4:59
20,0,11/23/25 5:59
19.02,0,11/23/25 6:59
15.89,0,11/23/25 7:59
15.21,0,11/23/25 8:59
15.66,0,11/23/25 9:59
17.96,0,11/23/25 10:59
33.4,0,11/23/25 11:59
40.41,0,11/23/25 12:59
28.63,0,11/23/25 13:59
25.68,0,11/23/25 14:59
25.81,0,11/23/25 15:59
26.58,0,11/23/25 16:59
26.28,0,11/23/25 17:59
26.47,0,11/23/25 18:59
26.58,0,11/23/25 19:59
27.02,0,11/23/25 20:59
32.95,0,11/23/25 21:59
46.85,0,11/23/25 22:59
35.27,0,11/23/25 23:59
32.68,0,11/24/25 0:59
32.2,0,11/24/25 1:59
31.35,0,11/24/25 2:59
29.82,0,11/24/25 3:59
26.94,0,11/24/25 4:59
28.76,0,11/24/25 5:59
25.98,0,11/24/25 6:59
24.98,0,11/24/25 7:59
24.96,0,11/24/25 8:59
24.85,0,11/24/25 9:59
24.65,0,11/24/25 10:59
26.73,0,11/24/25 11:59
31.29,0,11/24/25 12:59
29.11,0,11/24/25 13:59
27.06,0,11/24/25 14:59
27.02,0,11/24/25 15:59
25.71,0,11/24/25 16:59
24.75,0,11/24/25 17:59
23.7,0,11/24/25 18:59
23.41,0,11/24/25 19:59
26.52,0,11/24/25 20:59
31.98,0,11/24/25 21:59
42.85,0,11/24/25 22:59
34.15,0,11/24/25 23:59
33.67,0,11/25/25 0:59
33.57,0,11/25/25 1:59
30.37,0,11/25/25 2:59
26.13,0,11/25/25 3:59
23.33,0,11/25/25 4:59
24.75,0,11/25/25 5:59
22.31,0,11/25/25 6:59
21.6,0,11/25/25 7:59
21.39,0,11/25/25 8:59
20.76,0,11/25/25 9:59
20.54,0,11/25/25 10:59
21.21,0,11/25/25 11:59
21.95,0,11/25/25 12:59
21.89,0,11/25/25 13:59
22.77,0,11/25/25 14:59
21.97,0,11/25/25 15:59
21.43,0,11/25/25 16:59
20.88,0,11/25/25 17:59
20.78,0,11/25/25 18:59
19.98,0,11/25/25 19:59
22.38,0,11/25/25 20:59
31.49,0,11/25/25 21:59
40.57,0,11/25/25 22:59
26.99,0,11/25/25 23:59
25.83,0,11/26/25 0:59
26.07,0,11/26/25 1:59
22.74,0,11/26/25 2:59
19.26,0,11/26/25 3:59
17.4,0,11/26/25 4:59
17.54,0,11/26/25 5:59
18.13,0,11/26/25 6:59
17.51,0,11/26/25 7:59
18.47,0,11/26/25 8:59
18.6,0,11/26/25 9:59
21.87,0,11/26/25 10:59
41.89,0,11/26/25 11:59
44.45,0,11/26/25 12:59
29.3,0,11/26/25 13:59
26.12,0,11/26/25 14:59
25.09,0,11/26/25 15:59
23.72,0,11/26/25 16:59
23.32,0,11/26/25 17:59
22.25,0,11/26/25 18:59
21.78,0,11/26/25 19:59
23.42,0,11/26/25 20:59
26.71,0,11/26/25 21:59
35.76,0,11/26/25 22:59
25.91,0,11/26/25 23:59
24.66,0,11/27/25 0:59
22.98,0,11/27/25 1:59
21.56,0,11/27/25 2:59
19.47,0,11/27/25 3:59
16.54,0,11/27/25 4:59
14.86,0,11/27/25 5:59
14.51,0,11/27/25 6:59
13.52,0,11/27/25 7:59
13.74,0,11/27/25 8:59
15.1,0,11/27/25 9:59
19.19,0,11/27/25 10:59
27.84,0,11/27/25 11:59
35.03,0,11/27/25 12:59
34.75,0,11/27/25 13:59
32.2,0,11/27/25 14:59
30.73,0,11/27/25 15:59
26.69,0,11/27/25 16:59
25.46,0,11/27/25 17:59
24.44,0,11/27/25 18:59
23.77,0,11/27/25 19:59
24.78,0,11/27/25 20:59
37.75,0,11/27/25 21:59
50.91,0,11/27/25 22:59
45.75,0,11/27/25 23:59
38.13,0,11/28/25 0:59
36.72,0,11/28/25 1:59
34.07,0,11/28/25 2:59
31.45,0,11/28/25 3:59
27.18,0,11/28/25 4:59
28.82,0,11/28/25 5:59
27.26,0,11/28/25 6:59
26.72,0,11/28/25 7:59
27.12,0,11/28/25 8:59
29.24,0,11/28/25 9:59
32.12,0,11/28/25 10:59
42.33,0,11/28/25 11:59
50.64,0,11/28/25 12:59
40.64,0,11/28/25 13:59
35.05,0,11/28/25 14:59
37.02,0,11/28/25 15:59
36.46,0,11/28/25 16:59
35.89,0,11/28/25 17:59
35.92,0,11/28/25 18:59
34.53,0,11/28/25 19:59
35.28,0,11/28/25 20:59
40.76,0,11/28/25 21:59
46.36,0,11/28/25 22:59
40.82,0,11/28/25 23:59
40.96,0,11/29/25 0:59
37.68,0,11/29/25 1:59
34.12,0,11/29/25 2:59
32.24,0,11/29/25 3:59
27.83,0,11/29/25 4:59
22.5,0,11/29/25 5:59
20.34,0,11/29/25 6:59
19.39,0,11/29/25 7:59
19.19,0,11/29/25 8:59
19.12,0,11/29/25 9:59
20.41,0,11/29/25 10:59
22.54,0,11/29/25 11:59
24.52,0,11/29/25 12:59
28,0,11/29/25 13:59
30.6,0,11/29/25 14:59
30.26,0,11/29/25 15:59
29.22,0,11/29/25 16:59
24.74,0,11/29/25 17:59
21.23,0,11/29/25 18:59
18.58,0,11/29/25 19:59
17.96,0,11/29/25 20:59
20.98,0,11/29/25 21:59
22.4,0,11/29/25 22:59
23.07,0,11/29/25 23:59
21.99,0,11/30/25 0:59
21.58,0,11/30/25 1:59
19.96,0,11/30/25 2:59
19.08,0,11/30/25 3:59
18.14,0,11/30/25 4:59
15.42,0,11/30/25 5:59
14.42,0,11/30/25 6:59
13.4,0,11/30/25 7:59
12.85,0,11/30/25 8:59
14.01,0,11/30/25 9:59
15.88,0,11/30/25 10:59
18.67,0,11/30/25 11:59
20.42,0,11/30/25 12:59
20.62,0,11/30/25 13:59
18.7,0,11/30/25 14:59
18.1,0,11/30/25 15:59
17.98,0,11/30/25 16:59
17.37,0,11/30/25 17:59
17.17,0,11/30/25 18:59
16.92,0,11/30/25 19:59
18.5,0,11/30/25 20:59
24.5,0,11/30/25 21:59
33.18,0,11/30/25 22:59
29.9,0,11/30/25 23:59
28.43,0,12/1/25 0:59
28.69,0,12/1/25 1:59
28.37,0,12/1/25 2:59
26.95,0,12/1/25 3:59
25.92,0,12/1/25 4:59
26.61,0,12/1/25 5:59
27.17,0,12/1/25 6:59
26.5,0,12/1/25 7:59
26.91,0,12/1/25 8:59
27.37,0,12/1/25 9:59
27.09,0,12/1/25 10:59
35.07,0,12/1/25 11:59
37.28,0,12/1/25 12:59
31.66,0,12/1/25 13:59
27.64,0,12/1/25 14:59
26.72,0,12/1/25 15:59
24.55,0,12/1/25 16:59
23.11,0,12/1/25 17:59
22.36,0,12/1/25 18:59
22.26,0,12/1/25 19:59
24.68,0,12/1/25 20:59
31.59,0,12/1/25 21:59
45.3,0,12/1/25 22:59
40.21,0,12/1/25 23:59
36.9,0,12/2/25 0:59
37.13,0,12/2/25 1:59
37.83,0,12/2/25 2:59
36.29,0,12/2/25 3:59
33.88,0,12/2/25 4:59
34.11,0,12/2/25 5:59
32.51,0,12/2/25 6:59
31.52,0,12/2/25 7:59
30.99,0,12/2/25 8:59
31.04,0,12/2/25 9:59
29.63,0,12/2/25 10:59
31.61,0,12/2/25 11:59
36.47,0,12/2/25 12:59
35.98,0,12/2/25 13:59
33.92,0,12/2/25 14:59
32.93,0,12/2/25 15:59
32.46,0,12/2/25 16:59
30.07,0,12/2/25 17:59
27.74,0,12/2/25 18:59
28.24,0,12/2/25 19:59
30.02,0,12/2/25 20:59
38.22,0,12/2/25 21:59
53.62,0,12/2/25 22:59
47.61,0,12/2/25 23:59
45.45,0,12/3/25 0:59
44.86,0,12/3/25 1:59
42.17,0,12/3/25 2:59
41.79,0,12/3/25 3:59
36.65,0,12/3/25 4:59
45.44,0,12/3/25 5:59
40.47,0,12/3/25 6:59
41.51,0,12/3/25 7:59
45.34,0,12/3/25 8:59
46.14,0,12/3/25 9:59
49.48,0,12/3/25 10:59
71.59,0,12/3/25 11:59
138.34,0,12/3/25 12:59
64.75,0,12/3/25 13:59
48.8,0,12/3/25 14:59
48.49,0,12/3/25 15:59
43.74,0,12/3/25 16:59
42.15,0,12/3/25 17:59
39.7,0,12/3/25 18:59
38.87,0,12/3/25 19:59
43.28,0,12/3/25 20:59
64.44,0,12/3/25 21:59
96.96,0,12/3/25 22:59
77.66,0,12/3/25 23:59
72.85,0,12/4/25 0:59
67.81,0,12/4/25 1:59
63.68,0,12/4/25 2:59
59.39,0,12/4/25 3:59
62.22,0,12/4/25 4:59
40.78,0,12/4/25 5:59
32.34,0,12/4/25 6:59
28.57,0,12/4/25 7:59
26.99,0,12/4/25 8:59
27.83,0,12/4/25 9:59
29.7,0,12/4/25 10:59
42.29,0,12/4/25 11:59
67.36,0,12/4/25 12:59
53.79,0,12/4/25 13:59
37.25,0,12/4/25 14:59
35.9,0,12/4/25 15:59
32.96,0,12/4/25 16:59
30.45,0,12/4/25 17:59
28.57,0,12/4/25 18:59
25.57,0,12/4/25 19:59
27.16,0,12/4/25 20:59
33.46,0,12/4/25 21:59
56.98,0,12/4/25 22:59
33.99,0,12/4/25 23:59
28.29,0,12/5/25 0:59
26.35,0,12/5/25 1:59
23.62,0,12/5/25 2:59
19.45,0,12/5/25 3:59
18,0,12/5/25 4:59
16.14,0,12/5/25 5:59
14.64,0,12/5/25 6:59
13.62,0,12/5/25 7:59
12.98,0,12/5/25 8:59
11.87,0,12/5/25 9:59
7.37,0,12/5/25 10:59
21.98,0,12/5/25 11:59
36.35,0,12/5/25 12:59
24,0,12/5/25 13:59
23.15,0,12/5/25 14:59
24.4,0,12/5/25 15:59
22.76,0,12/5/25 16:59
20.28,0,12/5/25 17:59
19.72,0,12/5/25 18:59
18.35,0,12/5/25 19:59
18.87,0,12/5/25 20:59
22.14,0,12/5/25 21:59
27.91,0,12/5/25 22:59
25.85,0,12/5/25 23:59
23.69,0,12/6/25 0:59
23.14,0,12/6/25 1:59
20.96,0,12/6/25 2:59
21.92,0,12/6/25 3:59
19.77,0,12/6/25 4:59
14.11,0,12/6/25 5:59
12.01,0,12/6/25 6:59
11.27,0,12/6/25 7:59
10.65,0,12/6/25 8:59
12.58,0,12/6/25 9:59
17.17,0,12/6/25 10:59
18.86,0,12/6/25 11:59
22.07,0,12/6/25 12:59
23.6,0,12/6/25 13:59
23.38,0,12/6/25 14:59
23.69,0,12/6/25 15:59
23.14,0,12/6/25 16:59
23.27,0,12/6/25 17:59
22.99,0,12/6/25 18:59
27.46,0,12/6/25 19:59
28.76,0,12/6/25 20:59
36.21,0,12/6/25 21:59
70.66,0,12/6/25 22:59
55.51,0,12/6/25 23:59
51.45,0,12/7/25 0:59
51.23,0,12/7/25 1:59
43.73,0,12/7/25 2:59
38.2,0,12/7/25 3:59
38.32,0,12/7/25 4:59
31.29,0,12/7/25 5:59
29.37,0,12/7/25 6:59
28.09,0,12/7/25 7:59
25.68,0,12/7/25 8:59
27.11,0,12/7/25 9:59
22.72,0,12/7/25 10:59
37.33,0,12/7/25 11:59
58.44,0,12/7/25 12:59
34.25,0,12/7/25 13:59
29,0,12/7/25 14:59
31.69,0,12/7/25 15:59
29.65,0,12/7/25 16:59
25.54,0,12/7/25 17:59
22.43,0,12/7/25 18:59
22.04,0,12/7/25 19:59
21.66,0,12/7/25 20:59
27.71,0,12/7/25 21:59
34.75,0,12/7/25 22:59
29.89,0,12/7/25 23:59
27.53,0,12/8/25 0:59
23.14,0,12/8/25 1:59
26.35,0,12/8/25 2:59
23.7,0,12/8/25 3:59
24.91,0,12/8/25 4:59
20.19,0,12/8/25 5:59
20.53,0,12/8/25 6:59
19.93,0,12/8/25 7:59
19.84,0,12/8/25 8:59
19.81,0,12/8/25 9:59
19.09,0,12/8/25 10:59
19.83,0,12/8/25 11:59
22.68,0,12/8/25 12:59
19.91,0,12/8/25 13:59
18.43,0,12/8/25 14:59
18.57,0,12/8/25 15:59
17.83,0,12/8/25 16:59
16.35,0,12/8/25 17:59
13.18,0,12/8/25 18:59
10.37,0,12/8/25 19:59
8.97,0,12/8/25 20:59
13.69,0,12/8/25 21:59
16.59,0,12/8/25 22:59
14.76,0,12/8/25 23:59
14.93,0,12/9/25 0:59
17.09,0,12/9/25 1:59
16.46,0,12/9/25 2:59
13.35,0,12/9/25 3:59
10.07,0,12/9/25 4:59
15.39,0,12/9/25 5:59
12.87,0,12/9/25 6:59
11.06,0,12/9/25 7:59
11.13,0,12/9/25 8:59
12.04,0,12/9/25 9:59
13.63,0,12/9/25 10:59
20.1,0,12/9/25 11:59
23.88,0,12/9/25 12:59
16.87,0,12/9/25 13:59
16.65,0,12/9/25 14:59
17.44,0,12/9/25 15:59
16.13,0,12/9/25 16:59
16.03,0,12/9/25 17:59
15.36,0,12/9/25 18:59
15.05,0,12/9/25 19:59
15.54,0,12/9/25 20:59
16.73,0,12/9/25 21:59
19.73,0,12/9/25 22:59
16.81,0,12/9/25 23:59
16.63,0,12/10/25 0:59
16.64,0,12/10/25 1:59
16.76,0,12/10/25 2:59
15.47,0,12/10/25 3:59
11.14,0,12/10/25 4:59
10.23,0,12/10/25 5:59
10.09,0,12/10/25 6:59
9.82,0,12/10/25 7:59
9.66,0,12/10/25 8:59
10.97,0,12/10/25 9:59
10.56,0,12/10/25 10:59
18.87,0,12/10/25 11:59
21.65,0,12/10/25 12:59
25.76,0,12/10/25 13:59
25.52,0,12/10/25 14:59
27.94,0,12/10/25 15:59
26.93,0,12/10/25 16:59
25.89,0,12/10/25 17:59
23.29,0,12/10/25 18:59
23.01,0,12/10/25 19:59
20.23,0,12/10/25 20:59
23.71,0,12/10/25 21:59
29.43,0,12/10/25 22:59
26.3,0,12/10/25 23:59
24.82,0,12/11/25 0:59
22.89,0,12/11/25 1:59
20.52,0,12/11/25 2:59
18.01,0,12/11/25 3:59
15.38,0,12/11/25 4:59
16.05,0,12/11/25 5:59
15.71,0,12/11/25 6:59
15.23,0,12/11/25 7:59
14.31,0,12/11/25 8:59
16.49,0,12/11/25 9:59
17.76,0,12/11/25 10:59
24.13,0,12/11/25 11:59
28.19,0,12/11/25 12:59
30.65,0,12/11/25 13:59
31.54,0,12/11/25 14:59
31.19,0,12/11/25 15:59
28.85,0,12/11/25 16:59
28.52,0,12/11/25 17:59
27.46,0,12/11/25 18:59
24.94,0,12/11/25 19:59
23.89,0,12/11/25 20:59
29.32,0,12/11/25 21:59
33.77,0,12/11/25 22:59
30.74,0,12/11/25 23:59
30.64,0,12/12/25 0:59
30.69,0,12/12/25 1:59
24.05,0,12/12/25 2:59
22.93,0,12/12/25 3:59
19.52,0,12/12/25 4:59
22.65,0,12/12/25 5:59
22.52,0,12/12/25 6:59
21.43,0,12/12/25 7:59
21.17,0,12/12/25 8:59
21.26,0,12/12/25 9:59
24.87,0,12/12/25 10:59
28.19,0,12/12/25 11:59
37.59,0,12/12/25 12:59
36.77,0,12/12/25 13:59
33.58,0,12/12/25 14:59
31.54,0,12/12/25 15:59
25.86,0,12/12/25 16:59
23.52,0,12/12/25 17:59
21.27,0,12/12/25 18:59
20.55,0,12/12/25 19:59
20.54,0,12/12/25 20:59
24.3,0,12/12/25 21:59
38.12,0,12/12/25 22:59
34.77,0,12/12/25 23:59
33.56,0,12/13/25 0:59
33.68,0,12/13/25 1:59
30.76,0,12/13/25 2:59
26.77,0,12/13/25 3:59
20.53,0,12/13/25 4:59
27.21,0,12/13/25 5:59
26.35,0,12/13/25 6:59
27.42,0,12/13/25 7:59
31.49,0,12/13/25 8:59
31.68,0,12/13/25 9:59
37.87,0,12/13/25 10:59
53.59,0,12/13/25 11:59
76.4,0,12/13/25 12:59
42.93,0,12/13/25 13:59
34.18,0,12/13/25 14:59
33.97,0,12/13/25 15:59
31.85,0,12/13/25 16:59
36.28,0,12/13/25 17:59
35.86,0,12/13/25 18:59
37.04,0,12/13/25 19:59
38.47,0,12/13/25 20:59
55.77,0,12/13/25 21:59
89.33,0,12/13/25 22:59
78.04,0,12/13/25 23:59
67.85,0,12/14/25 0:59
66.25,0,12/14/25 1:59
48.18,0,12/14/25 2:59
42.38,0,12/14/25 3:59
41.3,0,12/14/25 4:59
37.65,0,12/14/25 5:59
34.79,0,12/14/25 6:59
33.52,0,12/14/25 7:59
33.46,0,12/14/25 8:59
33.91,0,12/14/25 9:59
37.27,0,12/14/25 10:59
47.55,0,12/14/25 11:59
79.78,0,12/14/25 12:59
48.4,0,12/14/25 13:59
38.25,0,12/14/25 14:59
32.1,0,12/14/25 15:59
31.64,0,12/14/25 16:59
29.89,0,12/14/25 17:59
30.02,0,12/14/25 18:59
29.99,0,12/14/25 19:59
24.83,0,12/14/25 20:59
27.82,0,12/14/25 21:59
37.22,0,12/14/25 22:59
30.55,0,12/14/25 23:59
25.03,0,12/15/25 0:59
22.53,0,12/15/25 1:59
21.12,0,12/15/25 2:59
21.17,0,12/15/25 3:59
20.22,0,12/15/25 4:59
19.83,0,12/15/25 5:59
18.74,0,12/15/25 6:59
16.7,0,12/15/25 7:59
15.38,0,12/15/25 8:59
16.2,0,12/15/25 9:59
15.42,0,12/15/25 10:59
19.29,0,12/15/25 11:59
19.71,0,12/15/25 12:59
19.97,0,12/15/25 13:59
20.19,0,12/15/25 14:59
19.36,0,12/15/25 15:59
19.46,0,12/15/25 16:59
20.34,0,12/15/25 17:59
20.14,0,12/15/25 18:59
17.73,0,12/15/25 19:59
19.51,0,12/15/25 20:59
18.14,0,12/15/25 21:59
23.49,0,12/15/25 22:59
21.7,0,12/15/25 23:59
21.88,0,12/16/25 0:59
21.05,0,12/16/25 1:59
20.34,0,12/16/25 2:59
19.78,0,12/16/25 3:59
19.15,0,12/16/25 4:59
19.04,0,12/16/25 5:59
19.44,0,12/16/25 6:59
18.26,0,12/16/25 7:59
21.04,0,12/16/25 8:59
22.36,0,12/16/25 9:59
18.58,0,12/16/25 10:59
19.24,0,12/16/25 11:59
21.55,0,12/16/25 12:59
24.9,0,12/16/25 13:59
22.76,0,12/16/25 14:59
24.71,0,12/16/25 15:59
23.48,0,12/16/25 16:59
24.06,0,12/16/25 17:59
23.18,0,12/16/25 18:59
23.79,0,12/16/25 19:59
19.3,0,12/16/25 20:59
22.81,0,12/16/25 21:59
29.08,0,12/16/25 22:59
21.44,0,12/16/25 23:59
19.93,0,12/17/25 0:59
19.4,0,12/17/25 1:59
16.24,0,12/17/25 2:59
14.24,0,12/17/25 3:59
11,0,12/17/25 4:59
10.44,0,12/17/25 5:59
10.62,0,12/17/25 6:59
9.52,0,12/17/25 7:59
8.99,0,12/17/25 8:59
8.13,0,12/17/25 9:59
11.07,0,12/17/25 10:59
20.83,0,12/17/25 11:59
30.24,0,12/17/25 12:59
29.51,0,12/17/25 13:59
30.02,0,12/17/25 14:59
30.18,0,12/17/25 15:59
23.71,0,12/17/25 16:59
20.64,0,12/17/25 17:59
17.2,0,12/17/25 18:59
15.72,0,12/17/25 19:59
14.91,0,12/17/25 20:59
17.04,0,12/17/25 21:59
26.99,0,12/17/25 22:59
24.1,0,12/17/25 23:59
21.92,0,12/18/25 0:59
21.35,0,12/18/25 1:59
20.34,0,12/18/25 2:59
18.61,0,12/18/25 3:59
17.86,0,12/18/25 4:59
18.95,0,12/18/25 5:59
18.3,0,12/18/25 6:59
18.36,0,12/18/25 7:59
18.38,0,12/18/25 8:59
19.24,0,12/18/25 9:59
23.89,0,12/18/25 10:59
28.25,0,12/18/25 11:59
36.68,0,12/18/25 12:59
35.53,0,12/18/25 13:59
31.3,0,12/18/25 14:59
29.93,0,12/18/25 15:59
28.53,0,12/18/25 16:59
28.34,0,12/18/25 17:59
27.65,0,12/18/25 18:59
27.48,0,12/18/25 19:59
28.07,0,12/18/25 20:59
34.22,0,12/18/25 21:59
45.11,0,12/18/25 22:59
40.44,0,12/18/25 23:59
37.49,0,12/19/25 0:59
35.9,0,12/19/25 1:59
32.54,0,12/19/25 2:59
29.29,0,12/19/25 3:59
25.81,0,12/19/25 4:59
22.2,0,12/19/25 5:59
19.06,0,12/19/25 6:59
17.9,0,12/19/25 7:59
17.29,0,12/19/25 8:59
18.46,0,12/19/25 9:59
19.88,0,12/19/25 10:59
23.58,0,12/19/25 11:59
29.88,0,12/19/25 12:59
31.82,0,12/19/25 13:59
30.94,0,12/19/25 14:59
31.83,0,12/19/25 15:59
31.38,0,12/19/25 16:59
28.91,0,12/19/25 17:59
27.59,0,12/19/25 18:59
26.82,0,12/19/25 19:59
25.31,0,12/19/25 20:59
29.02,0,12/19/25 21:59
35.84,0,12/19/25 22:59
33.36,0,12/19/25 23:59
31.93,0,12/20/25 0:59
30.22,0,12/20/25 1:59
27.97,0,12/20/25 2:59
25.58,0,12/20/25 3:59
22.4,0,12/20/25 4:59
21.93,0,12/20/25 5:59
20.79,0,12/20/25 6:59
20.08,0,12/20/25 7:59
20.27,0,12/20/25 8:59
22.24,0,12/20/25 9:59
23.39,0,12/20/25 10:59
31.28,0,12/20/25 11:59
36.69,0,12/20/25 12:59
33.74,0,12/20/25 13:59
28.66,0,12/20/25 14:59
29.29,0,12/20/25 15:59
27.27,0,12/20/25 16:59
25.8,0,12/20/25 17:59
22.22,0,12/20/25 18:59
21.02,0,12/20/25 19:59
21.44,0,12/20/25 20:59
22.93,0,12/20/25 21:59
30.53,0,12/20/25 22:59
29.61,0,12/20/25 23:59
28.54,0,12/21/25 0:59
26.02,0,12/21/25 1:59
25.03,0,12/21/25 2:59
23.18,0,12/21/25 3:59
20.02,0,12/21/25 4:59
13.63,0,12/21/25 5:59
14.08,0,12/21/25 6:59
11.13,0,12/21/25 7:59
7.55,0,12/21/25 8:59
10.16,0,12/21/25 9:59
14.14,0,12/21/25 10:59
17.96,0,12/21/25 11:59
21.28,0,12/21/25 12:59
26.85,0,12/21/25 13:59
27.38,0,12/21/25 14:59
30.36,0,12/21/25 15:59
30.25,0,12/21/25 16:59
26.96,0,12/21/25 17:59
27.35,0,12/21/25 18:59
28.23,0,12/21/25 19:59
27.85,0,12/21/25 20:59
29.84,0,12/21/25 21:59
34.93,0,12/21/25 22:59
33.28,0,12/21/25 23:59
32.77,0,12/22/25 0:59
32.45,0,12/22/25 1:59
30.89,0,12/22/25 2:59
29.18,0,12/22/25 3:59
25.58,0,12/22/25 4:59
23.79,0,12/22/25 5:59
23.36,0,12/22/25 6:59
21.56,0,12/22/25 7:59
21.74,0,12/22/25 8:59
21.33,0,12/22/25 9:59
25.33,0,12/22/25 10:59
25.71,0,12/22/25 11:59
32.29,0,12/22/25 12:59
32.78,0,12/22/25 13:59
28.88,0,12/22/25 14:59
33.37,0,12/22/25 15:59
31.1,0,12/22/25 16:59
29.89,0,12/22/25 17:59
25.37,0,12/22/25 18:59
24.13,0,12/22/25 19:59
26.88,0,12/22/25 20:59
32.38,0,12/22/25 21:59
40.74,0,12/22/25 22:59
39.92,0,12/22/25 23:59
36.93,0,12/23/25 0:59
37.47,0,12/23/25 1:59
33.96,0,12/23/25 2:59
30.92,0,12/23/25 3:59
28.18,0,12/23/25 4:59
32.11,0,12/23/25 5:59
29.24,0,12/23/25 6:59
28.24,0,12/23/25 7:59
26.15,0,12/23/25 8:59
21.29,0,12/23/25 9:59
19.11,0,12/23/25 10:59
19.67,0,12/23/25 11:59
20.02,0,12/23/25 12:59
21.21,0,12/23/25 13:59
20.21,0,12/23/25 14:59
22.24,0,12/23/25 15:59
22.28,0,12/23/25 16:59
19.7,0,12/23/25 17:59
17.47,0,12/23/25 18:59
16.82,0,12/23/25 19:59
17.92,0,12/23/25 20:59
19.26,0,12/23/25 21:59
26.27,0,12/23/25 22:59
24.97,0,12/23/25 23:59
20.25,0,12/24/25 0:59
20.12,0,12/24/25 1:59
19.45,0,12/24/25 2:59
18.15,0,12/24/25 3:59
17.13,0,12/24/25 4:59
8.87,0,12/24/25 5:59
7.76,0,12/24/25 6:59
7.45,0,12/24/25 7:59
5.96,0,12/24/25 8:59
4.63,0,12/24/25 9:59
5.35,0,12/24/25 10:59
16.67,0,12/24/25 11:59
22.26,0,12/24/25 12:59
18.06,0,12/24/25 13:59
18.82,0,12/24/25 14:59
18.81,0,12/24/25 15:59
19.99,0,12/24/25 16:59
21.63,0,12/24/25 17:59
25.07,0,12/24/25 18:59
27.83,0,12/24/25 19:59
28.93,0,12/24/25 20:59
36.04,0,12/24/25 21:59
49.82,0,12/24/25 22:59
43.55,0,12/24/25 23:59
36.94,0,12/25/25 0:59
37.97,0,12/25/25 1:59
36,0,12/25/25 2:59
35.12,0,12/25/25 3:59
33.82,0,12/25/25 4:59
27.8,0,12/25/25 5:59
25.65,0,12/25/25 6:59
25.31,0,12/25/25 7:59
24.81,0,12/25/25 8:59
25.23,0,12/25/25 9:59
30.94,0,12/25/25 10:59
32.72,0,12/25/25 11:59
35.15,0,12/25/25 12:59
36.36,0,12/25/25 13:59
33.48,0,12/25/25 14:59
28.37,0,12/25/25 15:59
28.16,0,12/25/25 16:59
26.5,0,12/25/25 17:59
25.72,0,12/25/25 18:59
26.1,0,12/25/25 19:59
25.34,0,12/25/25 20:59
30.55,0,12/25/25 21:59
35.09,0,12/25/25 22:59
34.61,0,12/25/25 23:59
32.65,0,12/26/25 0:59
31.16,0,12/26/25 1:59
28.68,0,12/26/25 2:59
25.31,0,12/26/25 3:59
23.35,0,12/26/25 4:59
23.87,0,12/26/25 5:59
21.58,0,12/26/25 6:59
20.76,0,12/26/25 7:59
20.72,0,12/26/25 8:59
21.13,0,12/26/25 9:59
20.17,0,12/26/25 10:59
19.16,0,12/26/25 11:59
23.81,0,12/26/25 12:59
24.51,0,12/26/25 13:59
23.48,0,12/26/25 14:59
23.33,0,12/26/25 15:59
23.7,0,12/26/25 16:59
23.15,0,12/26/25 17:59
22.96,0,12/26/25 18:59
23.04,0,12/26/25 19:59
23.15,0,12/26/25 20:59
26.18,0,12/26/25 21:59
29.06,0,12/26/25 22:59
28.4,0,12/26/25 23:59
27.11,0,12/27/25 0:59
26.43,0,12/27/25 1:59
24.3,0,12/27/25 2:59
23.62,0,12/27/25 3:59
22.15,0,12/27/25 4:59
21.22,0,12/27/25 5:59
18.35,0,12/27/25 6:59
17.81,0,12/27/25 7:59
17.33,0,12/27/25 8:59
17.39,0,12/27/25 9:59
17.72,0,12/27/25 10:59
20.11,0,12/27/25 11:59
24.63,0,12/27/25 12:59
30.87,0,12/27/25 13:59
31.02,0,12/27/25 14:59
30.34,0,12/27/25 15:59
27.31,0,12/27/25 16:59
25.25,0,12/27/25 17:59
23.68,0,12/27/25 18:59
24.49,0,12/27/25 19:59
24.52,0,12/27/25 20:59
26.6,0,12/27/25 21:59
32.4,0,12/27/25 22:59
26.59,0,12/27/25 23:59
20.61,0,12/28/25 0:59
18.82,0,12/28/25 1:59
18.87,0,12/28/25 2:59
19.28,0,12/28/25 3:59
17.39,0,12/28/25 4:59
16.53,0,12/28/25 5:59
15.77,0,12/28/25 6:59
14.89,0,12/28/25 7:59
15.77,0,12/28/25 8:59
13.98,0,12/28/25 9:59
14.48,0,12/28/25 10:59
16.44,0,12/28/25 11:59
18.35,0,12/28/25 12:59
20.7,0,12/28/25 13:59
19.95,0,12/28/25 14:59
20.58,0,12/28/25 15:59
18.75,0,12/28/25 16:59
18.79,0,12/28/25 17:59
18.81,0,12/28/25 18:59
18.88,0,12/28/25 19:59
19.41,0,12/28/25 20:59
20.03,0,12/28/25 21:59
22.18,0,12/28/25 22:59
22.34,0,12/28/25 23:59
20.46,0,12/29/25 0:59
18.89,0,12/29/25 1:59
17.8,0,12/29/25 2:59
16.25,0,12/29/25 3:59
15.06,0,12/29/25 4:59
15.32,0,12/29/25 5:59
12.93,0,12/29/25 6:59
8.8,0,12/29/25 7:59
11.3,0,12/29/25 8:59
12.65,0,12/29/25 9:59
13.7,0,12/29/25 10:59
14.56,0,12/29/25 11:59
15.2,0,12/29/25 12:59
18.47,0,12/29/25 13:59
19.96,0,12/29/25 14:59
23.57,0,12/29/25 15:59
25.35,0,12/29/25 16:59
24.76,0,12/29/25 17:59
24.32,0,12/29/25 18:59
23.9,0,12/29/25 19:59
24.59,0,12/29/25 20:59
25.17,0,12/29/25 21:59
31.35,0,12/29/25 22:59
30.62,0,12/29/25 23:59
28.72,0,12/30/25 0:59
27.29,0,12/30/25 1:59
23.99,0,12/30/25 2:59
23.23,0,12/30/25 3:59
19.83,0,12/30/25 4:59
16.2,0,12/30/25 5:59
15.34,0,12/30/25 6:59
14.19,0,12/30/25 7:59
13.73,0,12/30/25 8:59
13.6,0,12/30/25 9:59
13.9,0,12/30/25 10:59
13.98,0,12/30/25 11:59
14.81,0,12/30/25 12:59
17.28,0,12/30/25 13:59
18,0,12/30/25 14:59
18.86,0,12/30/25 15:59
20.13,0,12/30/25 16:59
19.15,0,12/30/25 17:59
19.04,0,12/30/25 18:59
18.95,0,12/30/25 19:59
18.16,0,12/30/25 20:59
22.95,0,12/30/25 21:59
27.37,0,12/30/25 22:59
24.84,0,12/30/25 23:59
23.48,0,12/31/25 0:59
22.13,0,12/31/25 1:59
19.81,0,12/31/25 2:59
18.25,0,12/31/25 3:59
16.58,0,12/31/25 4:59
15.68,0,12/31/25 5:59
14.38,0,12/31/25 6:59
14.35,0,12/31/25 7:59
14.35,0,12/31/25 8:59
15.29,0,12/31/25 9:59
16.57,0,12/31/25 10:59
21.24,0,12/31/25 11:59
27.22,0,12/31/25 12:59
24.54,0,12/31/25 13:59
22.65,0,12/31/25 14:59
20.92,0,12/31/25 15:59
19.97,0,12/31/25 16:59
19.73,0,12/31/25 17:59
19.95,0,12/31/25 18:59
19.28,0,12/31/25 19:59
21.78,0,12/31/25 20:59
28.86,0,12/31/25 21:59
38,0,12/31/25 22:59
